# Blender 4.4.0
# www.blender.org
mtllib outdors.mtl
o wall.001
v -0.416668 -23.221670 -10.957891
v -1.500001 17.754250 -10.000000
v 10.083332 -23.221670 -10.957891
v -1.500001 21.765766 -10.000000
v -1.471179 17.754250 -10.292636
v -1.471179 21.765766 -10.292636
v -1.385820 17.754250 -10.574025
v -1.385820 21.765766 -10.574025
v -1.247206 17.754250 -10.833356
v -1.247206 21.765766 -10.833356
v 10.083332 -23.221670 11.042109
v -1.060661 17.754250 -11.060660
v -0.416668 -23.221670 11.042109
v -1.060661 21.765766 -11.060660
v -0.833357 17.754250 -11.247205
v -0.833357 21.765766 -11.247205
v -0.574026 17.754250 -11.385819
v -0.574026 21.765766 -11.385819
v -0.292637 17.754250 -11.471178
v -0.292637 21.765766 -11.471178
v -0.000001 17.754250 -11.500000
v -0.000001 21.765766 -11.500000
v 0.292634 17.754250 -11.471178
v 0.292634 21.765766 -11.471178
v 0.574024 17.754250 -11.385819
v 0.574024 21.765766 -11.385819
v 0.833354 17.754250 -11.247205
v 0.833354 21.765766 -11.247205
v 1.060659 17.754250 -11.060660
v 1.060659 21.765766 -11.060660
v 1.247204 17.754250 -10.833356
v 1.247204 21.765766 -10.833356
v 1.385818 17.754250 -10.574025
v 1.385818 21.765766 -10.574025
v 1.471177 17.754250 -10.292636
v 1.471177 21.765766 -10.292636
v 1.499999 17.754250 -10.000000
v 1.499999 21.765766 -10.000000
v 1.471177 17.754250 -9.707364
v 1.471177 21.765766 -9.707364
v 1.385818 17.754250 -9.425975
v 1.385818 21.765766 -9.425975
v 1.247203 17.754250 -9.166644
v 1.247203 21.765766 -9.166644
v 1.060659 17.754250 -8.939340
v 1.060659 21.765766 -8.939340
v 0.833354 17.754250 -8.752795
v 0.833354 21.765766 -8.752795
v 0.574024 17.754250 -8.614181
v 0.574024 21.765766 -8.614181
v 0.292634 17.754250 -8.528822
v 0.292634 21.765766 -8.528822
v -0.000001 17.754250 -8.500000
v -0.000001 21.765766 -8.500000
v -0.292637 17.754250 -8.528822
v -0.292637 21.765766 -8.528822
v -0.574026 17.754250 -8.614181
v -0.574026 21.765766 -8.614181
v -0.833357 17.754250 -8.752795
v -0.833357 21.765766 -8.752795
v -1.060661 17.754250 -8.939340
v -1.060661 21.765766 -8.939340
v -1.247206 17.754250 -9.166644
v -1.247206 21.765766 -9.166644
v -1.385820 17.754250 -9.425975
v -1.385820 21.765766 -9.425975
v -1.471179 17.754250 -9.707364
v -1.471179 21.765766 -9.707364
v -5.884712 17.754250 -11.170543
v -5.884712 21.765766 -11.170543
v -5.740253 21.765766 -13.858192
v 5.884710 17.754250 -11.170543
v 5.884710 21.765766 -11.170543
v 5.740251 21.765766 -13.858194
v 5.884710 17.754250 -8.829459
v 5.884710 21.765766 -8.829459
v 5.543275 17.754250 -7.703900
v 5.543275 21.765766 -7.703900
v 4.988816 17.754250 -6.666580
v 4.988816 21.765766 -6.666580
v 4.242639 17.754250 -5.757360
v 4.242639 21.765766 -5.757360
v 3.333421 21.765766 -5.011183
v 2.296100 17.754250 -4.456724
v 1.170541 17.754250 -4.115290
v -0.000001 17.754250 -4.000001
v -0.000001 21.765766 -4.000001
v -1.170543 21.765766 -4.115290
v -2.296102 17.754250 -4.456724
v -2.296102 21.765766 -4.456724
v -4.242642 21.765766 -5.757360
v -4.988819 21.765766 -6.666579
v -5.543278 17.754250 -7.703900
v -1.500000 17.754250 9.999998
v -1.500000 21.765766 9.999998
v -1.471178 17.754250 10.292634
v -1.471178 21.765766 10.292634
v -1.385819 17.754250 10.574023
v -1.385819 21.765766 10.574023
v -1.247205 17.754250 10.833354
v -1.247205 21.765766 10.833354
v -1.060660 17.754250 11.060658
v -1.060660 21.765766 11.060658
v -0.833356 17.754250 11.247203
v -0.833356 21.765766 11.247203
v -0.574025 17.754250 11.385818
v -0.574025 21.765766 11.385818
v -0.292636 17.754250 11.471176
v -0.292636 21.765766 11.471176
v 0.000000 17.754250 11.499998
v 0.000000 21.765766 11.499998
v 0.292635 17.754250 11.471176
v 0.292635 21.765766 11.471176
v 0.574025 17.754250 11.385818
v 0.574025 21.765766 11.385818
v 0.833355 17.754250 11.247203
v 0.833355 21.765766 11.247203
v 1.060660 17.754250 11.060658
v 1.060660 21.765766 11.060658
v 1.247204 17.754250 10.833354
v 1.247204 21.765766 10.833354
v 1.385819 17.754250 10.574023
v 1.385819 21.765766 10.574023
v 1.471178 17.754250 10.292634
v 1.471178 21.765766 10.292634
v 1.500000 17.754250 9.999998
v 1.500000 21.765766 9.999998
v 1.471178 17.754250 9.707362
v 1.471178 21.765766 9.707362
v 1.385818 17.754250 9.425973
v 1.385818 21.765766 9.425973
v 1.247204 17.754250 9.166642
v 1.247204 21.765766 9.166642
v 1.060659 17.754250 8.939338
v 1.060659 21.765766 8.939338
v 0.833355 17.754250 8.752793
v 0.833355 21.765766 8.752793
v 0.574025 17.754250 8.614179
v 0.574025 21.765766 8.614179
v 0.292635 17.754250 8.528820
v 0.292635 21.765766 8.528820
v 0.000000 17.754250 8.499998
v 0.000000 21.765766 8.499998
v -0.292636 17.754250 8.528820
v -0.292636 21.765766 8.528820
v -0.574025 17.754250 8.614179
v -0.574025 21.765766 8.614179
v -0.833356 17.754250 8.752793
v -0.833356 21.765766 8.752793
v -1.060660 17.754250 8.939338
v -1.060660 21.765766 8.939338
v -1.247205 17.754250 9.166642
v -1.247205 21.765766 9.166642
v -1.385819 17.754250 9.425973
v -1.385819 21.765766 9.425973
v -1.471178 17.754250 9.707362
v -1.471178 21.765766 9.707362
v 2.296100 21.765766 -4.456728
v -5.740252 21.765766 13.858192
v -5.884711 21.765766 11.170545
v -5.884711 17.754250 11.170545
v 3.333421 17.754250 -5.011187
v 5.884710 17.754250 11.170541
v 5.884713 21.765766 11.170545
v 5.740252 21.765766 13.858191
v 5.884710 21.765766 8.829457
v 5.543276 17.754250 7.703898
v 5.543276 21.765766 7.703898
v 4.988817 17.754250 6.666577
v 4.242640 17.754250 5.757359
v 6.000000 21.765766 -10.000006
v 6.000000 17.754250 -10.000006
v 2.296100 17.754250 4.456722
v -0.000000 17.754250 3.999999
v -0.000000 21.765766 3.999999
v -1.170542 21.765766 4.115288
v -2.296101 21.765766 4.456722
v -4.242641 17.754250 5.757359
v -4.242641 21.765766 5.757359
v -4.988818 21.765766 6.666578
v -5.543277 17.754250 7.703898
v -5.543277 21.765766 7.703898
v -5.884712 17.754250 8.829457
v -5.884712 21.765766 8.829457
v 7.500531 -21.770000 -4.038461
v 10.997942 -21.770000 -2.019231
v 10.997942 -21.770000 2.019231
v 7.500531 -21.770000 4.038461
v 4.003121 -21.770000 2.019231
v 4.003121 -21.770000 -2.019231
v 9.942753 -21.774195 0.487726
v 9.915867 -21.774195 -0.607450
v 9.990789 -21.774195 0.000000
v 9.963730 -21.774195 0.366826
v 9.963730 -21.774195 -0.366826
v 9.915867 -21.774195 0.607451
v 9.942753 -21.774195 -0.487726
v 9.978750 -21.774195 -0.245043
v 9.978750 -21.774195 0.245043
v 9.987777 -21.774195 0.122669
v 9.883140 -21.774195 0.725712
v 9.883140 -21.774195 -0.725712
v 9.987777 -21.774195 -0.122669
v 9.569462 -21.774195 -1.388926
v 9.635110 -21.774195 -1.285257
v 9.498808 -21.774195 -1.489248
v 9.343166 -21.774195 -1.678898
v 9.423315 -21.774195 -1.585983
v 9.800488 -21.774195 0.956709
v 9.844648 -21.774195 0.842225
v 9.800488 -21.774195 -0.956709
v 9.695592 -21.774195 1.178492
v 9.635110 -21.774195 1.285257
v 9.498808 -21.774195 1.489248
v 9.423315 -21.774195 1.585983
v 9.695592 -21.774195 -1.178492
v 9.569462 -21.774195 1.388926
v 9.750762 -21.774195 1.068888
v 9.750762 -21.774195 -1.068888
v 9.844648 -21.774195 -0.842225
v 9.343166 -21.774195 1.678898
v 9.258554 -21.774195 1.767767
v 9.169686 -21.774195 1.852378
v 8.669279 -21.774195 -2.204803
v 8.980038 -21.774195 -2.008019
v 9.076772 -21.774195 1.932526
v 9.258554 -21.774195 -1.767767
v 8.879714 -21.774195 -2.078674
v 8.776047 -21.774195 2.144321
v 8.980038 -21.774195 2.008019
v 8.776047 -21.774195 -2.144321
v 9.076772 -21.774195 -1.932526
v 9.169686 -21.774195 -1.852378
v 8.559677 -21.774195 2.259973
v 8.669279 -21.774195 2.204803
v 8.559677 -21.774195 -2.259973
v 8.879714 -21.774195 2.078674
v 7.978514 -21.774195 -2.451963
v 8.098239 -21.774195 2.425078
v 7.978514 -21.774195 2.451963
v 7.490788 -21.774195 2.500000
v 8.098239 -21.774195 -2.425078
v 7.857615 -21.774195 2.472941
v 7.735831 -21.774195 2.487962
v 8.447497 -21.774195 2.309699
v 8.216500 -21.774195 2.392351
v 7.857615 -21.774195 -2.472941
v 7.613458 -21.774195 -2.496989
v 7.490788 -21.774195 -2.500000
v 8.333014 -21.774195 2.353860
v 8.447497 -21.774195 -2.309699
v 7.735831 -21.774195 -2.487962
v 7.613458 -21.774195 2.496989
v 8.333014 -21.774195 -2.353860
v 8.216500 -21.774195 -2.392351
v 7.003063 -21.774195 2.451963
v 7.368120 -21.774195 -2.496989
v 6.765076 -21.774195 2.392351
v 7.123962 -21.774195 2.472941
v 6.648563 -21.774195 -2.353860
v 6.883338 -21.774195 -2.425078
v 7.123962 -21.774195 -2.472941
v 7.245746 -21.774195 2.487962
v 7.003063 -21.774195 -2.451963
v 7.368120 -21.774195 2.496989
v 6.765076 -21.774195 -2.392351
v 6.883338 -21.774195 2.425078
v 7.245746 -21.774195 -2.487962
v 6.312297 -21.774195 2.204803
v 6.101863 -21.774195 -2.078674
v 5.811891 -21.774195 -1.852378
v 6.205532 -21.774195 2.144321
v 5.811891 -21.774195 1.852378
v 5.723022 -21.774195 -1.767767
v 6.648563 -21.774195 2.353860
v 6.421901 -21.774195 -2.259973
v 6.421901 -21.774195 2.259973
v 6.534080 -21.774195 -2.309699
v 6.534080 -21.774195 2.309699
v 5.904805 -21.774195 1.932526
v 6.001540 -21.774195 2.008019
v 6.101863 -21.774195 2.078674
v 6.001540 -21.774195 -2.008019
v 6.312297 -21.774195 -2.204803
v 6.205532 -21.774195 -2.144321
v 5.904805 -21.774195 -1.932526
v 5.017847 -21.774195 -0.366826
v 5.038825 -21.774195 -0.487726
v 5.181089 -21.774195 0.956709
v 5.136929 -21.774195 -0.842225
v 5.346467 -21.774195 -1.285257
v 5.285985 -21.774195 -1.178492
v 5.098437 -21.774195 -0.725712
v 5.230815 -21.774195 -1.068888
v 5.098437 -21.774195 0.725712
v 5.065710 -21.774195 0.607451
v 5.002827 -21.774195 0.245043
v 4.993800 -21.774195 0.122669
v 5.038825 -21.774195 0.487726
v 5.136929 -21.774195 0.842225
v 5.558262 -21.774195 -1.585983
v 5.482770 -21.774195 -1.489248
v 5.412115 -21.774195 -1.388926
v 5.002827 -21.774195 -0.245043
v 5.017847 -21.774195 0.366826
v 4.993800 -21.774195 -0.122669
v 5.181089 -21.774195 -0.956709
v 5.065710 -21.774195 -0.607450
v 5.638411 -21.774195 1.678898
v 5.723022 -21.774195 1.767767
v 5.346467 -21.774195 1.285257
v 5.285985 -21.774195 1.178492
v 5.558262 -21.774195 1.585983
v 5.482770 -21.774195 1.489248
v 5.638411 -21.774195 -1.678898
v 5.412115 -21.774195 1.388926
v 4.990788 -21.774195 0.000000
v -4.993800 -21.774195 0.122669
v -4.990789 -21.774195 -0.000000
v -4.993800 -21.774195 -0.122669
v -5.002827 -21.774195 -0.245043
v -5.002827 -21.774195 0.245043
v -5.017847 -21.774195 0.366826
v -5.017847 -21.774195 -0.366826
v -5.038826 -21.774195 0.487726
v -5.038826 -21.774195 -0.487726
v -5.065711 -21.774195 0.607450
v -5.098437 -21.774195 -0.725712
v -5.065711 -21.774195 -0.607450
v -5.346467 -21.774195 -1.285257
v -5.285985 -21.774195 -1.178492
v -5.230815 -21.774195 1.068888
v -5.638411 -21.774195 -1.678898
v -5.285985 -21.774195 1.178492
v -5.558263 -21.774195 -1.585983
v -5.136929 -21.774195 -0.842225
v -5.098437 -21.774195 0.725712
v -5.230815 -21.774195 -1.068888
v -5.181090 -21.774195 -0.956709
v -5.346467 -21.774195 1.285257
v -5.482771 -21.774195 1.489248
v -5.482771 -21.774195 -1.489248
v -5.412115 -21.774195 1.388926
v -5.181090 -21.774195 0.956709
v -5.136929 -21.774195 0.842225
v -5.412115 -21.774195 -1.388926
v -5.558263 -21.774195 1.585983
v -5.904806 -21.774195 1.932526
v -6.001541 -21.774195 -2.008019
v -5.723022 -21.774195 1.767767
v -5.811892 -21.774195 1.852378
v -5.638411 -21.774195 1.678898
v -6.205532 -21.774195 -2.144321
v -6.001541 -21.774195 2.008019
v -6.101863 -21.774195 2.078674
v -5.811892 -21.774195 -1.852378
v -5.904806 -21.774195 -1.932526
v -5.723022 -21.774195 -1.767767
v -6.205532 -21.774195 2.144321
v -6.312297 -21.774195 -2.204803
v -6.101863 -21.774195 -2.078674
v -6.312297 -21.774195 2.204803
v -6.765077 -21.774195 -2.392351
v -6.648564 -21.774195 -2.353860
v -7.245746 -21.774195 -2.487962
v -7.003063 -21.774195 2.451963
v -6.421902 -21.774195 2.259973
v -6.883338 -21.774195 2.425078
v -6.421902 -21.774195 -2.259973
v -7.123963 -21.774195 -2.472941
v -7.123963 -21.774195 2.472941
v -7.245746 -21.774195 2.487962
v -6.883338 -21.774195 -2.425078
v -7.003063 -21.774195 -2.451963
v -6.765077 -21.774195 2.392351
v -6.534080 -21.774195 2.309699
v -6.648564 -21.774195 2.353860
v -6.534080 -21.774195 -2.309699
v -7.368120 -21.774195 -2.496989
v -7.857615 -21.774195 -2.472941
v -8.333014 -21.774195 2.353860
v -7.735832 -21.774195 -2.487962
v -8.216500 -21.774195 2.392351
v -7.857615 -21.774195 2.472941
v -7.735832 -21.774195 2.487962
v -7.490789 -21.774195 2.500000
v -7.368120 -21.774195 2.496989
v -7.978515 -21.774195 -2.451963
v -8.098239 -21.774195 2.425078
v -7.978515 -21.774195 2.451963
v -7.613458 -21.774195 2.496989
v -7.490789 -21.774195 -2.500000
v -8.098239 -21.774195 -2.425078
v -8.216500 -21.774195 -2.392351
v -7.613458 -21.774195 -2.496989
v -8.776047 -21.774195 -2.144321
v -9.076772 -21.774195 -1.932526
v -8.669281 -21.774195 2.204803
v -8.447497 -21.774195 -2.309699
v -8.559677 -21.774195 -2.259973
v -9.076772 -21.774195 1.932526
v -8.980038 -21.774195 2.008019
v -8.980038 -21.774195 -2.008019
v -8.879714 -21.774195 2.078674
v -8.776047 -21.774195 2.144321
v -8.333014 -21.774195 -2.353860
v -8.447497 -21.774195 2.309699
v -8.559677 -21.774195 2.259973
v -8.879714 -21.774195 -2.078674
v -9.169686 -21.774195 1.852378
v -8.669281 -21.774195 -2.204803
v -9.635110 -21.774195 1.285257
v -9.569464 -21.774195 1.388926
v -9.498808 -21.774195 -1.489248
v -9.423315 -21.774195 1.585983
v -9.169686 -21.774195 -1.852378
v -9.258556 -21.774195 1.767767
v -9.695592 -21.774195 1.178492
v -9.635110 -21.774195 -1.285257
v -9.569464 -21.774195 -1.388926
v -9.343166 -21.774195 1.678898
v -9.423315 -21.774195 -1.585983
v -9.343166 -21.774195 -1.678898
v -9.695592 -21.774195 -1.178492
v -9.258556 -21.774195 -1.767767
v -9.498808 -21.774195 1.489248
v -9.750762 -21.774195 1.068888
v -9.800488 -21.774195 0.956709
v -9.844648 -21.774195 0.842225
v -9.978750 -21.774195 -0.245043
v -9.844648 -21.774195 -0.842225
v -9.800488 -21.774195 -0.956709
v -9.963730 -21.774195 -0.366826
v -9.987777 -21.774195 0.122669
v -9.990789 -21.774195 -0.000000
v -9.942753 -21.774195 0.487726
v -9.915867 -21.774195 0.607450
v -9.978750 -21.774195 0.245043
v -9.987777 -21.774195 -0.122669
v -9.942753 -21.774195 -0.487726
v -9.883140 -21.774195 -0.725712
v -9.915867 -21.774195 -0.607450
v -9.963730 -21.774195 0.366826
v -9.883140 -21.774195 0.725712
v -9.750762 -21.774195 -1.068888
v -2.996210 -21.774195 0.220804
v -2.990790 -21.774195 -0.000000
v -2.996210 -21.774195 -0.220805
v -3.012457 -21.774195 -0.441077
v -3.012457 -21.774195 0.441077
v -3.039494 -21.774195 0.660287
v -3.039494 -21.774195 -0.660287
v -3.077256 -21.774195 0.877906
v -3.077256 -21.774195 -0.877907
v -3.125648 -21.774195 1.093411
v -3.184556 -21.774195 -1.306281
v -3.125648 -21.774195 -1.093411
v -3.631011 -21.774195 -2.313462
v -3.522143 -21.774195 -2.121285
v -3.422837 -21.774195 1.923998
v -4.156509 -21.774195 -3.022016
v -3.522143 -21.774195 2.121285
v -4.012242 -21.774195 -2.854770
v -3.253840 -21.774195 -1.516005
v -3.184556 -21.774195 1.306281
v -3.422837 -21.774195 -1.923998
v -3.333332 -21.774195 -1.722076
v -3.631011 -21.774195 2.313462
v -3.876357 -21.774195 2.680647
v -3.876357 -21.774195 -2.680647
v -3.749175 -21.774195 2.500066
v -3.333332 -21.774195 1.722075
v -3.253840 -21.774195 1.516004
v -3.749175 -21.774195 -2.500066
v -4.012242 -21.774195 2.854770
v -4.636019 -21.774195 3.478547
v -4.810143 -21.774195 -3.614434
v -4.308808 -21.774195 3.181980
v -4.468774 -21.774195 3.334280
v -4.156509 -21.774195 3.022015
v -5.177327 -21.774195 -3.859779
v -4.810143 -21.774195 3.614434
v -4.990723 -21.774195 3.741613
v -4.468774 -21.774195 -3.334280
v -4.636019 -21.774195 -3.478547
v -4.308808 -21.774195 -3.181981
v -5.177327 -21.774195 3.859778
v -5.369504 -21.774195 -3.968646
v -4.990723 -21.774195 -3.741614
v -5.369504 -21.774195 3.968645
v -6.184508 -21.774195 -4.306232
v -5.974785 -21.774195 -4.236948
v -7.049711 -21.774195 -4.478332
v -6.612883 -21.774195 4.413533
v -5.566792 -21.774195 4.067951
v -6.397378 -21.774195 4.365140
v -5.566792 -21.774195 -4.067952
v -6.830502 -21.774195 -4.451295
v -6.830502 -21.774195 4.451294
v -7.049711 -21.774195 4.478331
v -6.397378 -21.774195 -4.365141
v -6.612883 -21.774195 -4.413534
v -6.184508 -21.774195 4.306231
v -5.768712 -21.774195 4.157457
v -5.974785 -21.774195 4.236948
v -5.768712 -21.774195 -4.157458
v -7.269985 -21.774195 -4.494580
v -8.151075 -21.774195 -4.451295
v -9.006793 -21.774195 4.236948
v -7.931866 -21.774195 -4.478332
v -8.797070 -21.774195 4.306231
v -8.151075 -21.774195 4.451294
v -7.931866 -21.774195 4.478331
v -7.490789 -21.774195 4.500000
v -7.269985 -21.774195 4.494579
v -8.368696 -21.774195 -4.413534
v -8.584200 -21.774195 4.365140
v -8.368696 -21.774195 4.413533
v -7.711593 -21.774195 4.494579
v -7.490789 -21.774195 -4.500000
v -8.584200 -21.774195 -4.365141
v -8.797070 -21.774195 -4.306232
v -7.711593 -21.774195 -4.494580
v -9.804254 -21.774195 -3.859779
v -10.345558 -21.774195 -3.478547
v -9.612075 -21.774195 3.968645
v -9.212864 -21.774195 -4.157458
v -9.414788 -21.774195 -4.067952
v -10.345558 -21.774195 3.478547
v -10.171437 -21.774195 3.614434
v -10.171437 -21.774195 -3.614434
v -9.990854 -21.774195 3.741613
v -9.804254 -21.774195 3.859778
v -9.006793 -21.774195 -4.236948
v -9.212864 -21.774195 4.157457
v -9.414788 -21.774195 4.067951
v -9.990854 -21.774195 -3.741614
v -10.512804 -21.774195 3.334280
v -9.612075 -21.774195 -3.968646
v -11.350567 -21.774195 2.313462
v -11.232404 -21.774195 2.500066
v -11.105224 -21.774195 -2.680647
v -10.969337 -21.774195 2.854770
v -10.512804 -21.774195 -3.334280
v -10.672771 -21.774195 3.181980
v -11.459435 -21.774195 2.121285
v -11.350567 -21.774195 -2.313462
v -11.232404 -21.774195 -2.500066
v -10.825068 -21.774195 3.022015
v -10.969337 -21.774195 -2.854770
v -10.825068 -21.774195 -3.022016
v -11.459435 -21.774195 -2.121285
v -10.672771 -21.774195 -3.181981
v -11.105224 -21.774195 2.680647
v -11.558741 -21.774195 1.923998
v -11.648246 -21.774195 1.722075
v -11.727736 -21.774195 1.516004
v -11.969119 -21.774195 -0.441077
v -11.727736 -21.774195 -1.516005
v -11.648246 -21.774195 -1.722076
v -11.942082 -21.774195 -0.660287
v -11.985367 -21.774195 0.220804
v -11.990789 -21.774195 -0.000000
v -11.904324 -21.774195 0.877906
v -11.855929 -21.774195 1.093411
v -11.969119 -21.774195 0.441077
v -11.985367 -21.774195 -0.220805
v -11.904324 -21.774195 -0.877907
v -11.797020 -21.774195 -1.306281
v -11.855929 -21.774195 -1.093411
v -11.942082 -21.774195 0.660287
v -11.797020 -21.774195 1.306281
v -11.558741 -21.774195 -1.923998
v 11.904326 -21.774195 0.877906
v 11.855931 -21.774195 -1.093411
v 11.990792 -21.774195 -0.000000
v 11.942084 -21.774195 0.660287
v 11.942084 -21.774195 -0.660287
v 11.855931 -21.774195 1.093411
v 11.904326 -21.774195 -0.877907
v 11.969121 -21.774195 -0.441077
v 11.969121 -21.774195 0.441077
v 11.985372 -21.774195 0.220804
v 11.797025 -21.774195 1.306281
v 11.797025 -21.774195 -1.306281
v 11.985372 -21.774195 -0.220805
v 11.232402 -21.774195 -2.500066
v 11.350569 -21.774195 -2.313462
v 11.105226 -21.774195 -2.680647
v 10.825070 -21.774195 -3.022016
v 10.969338 -21.774195 -2.854770
v 11.648251 -21.774195 1.722075
v 11.727738 -21.774195 1.516004
v 11.648251 -21.774195 -1.722076
v 11.459436 -21.774195 2.121285
v 11.350569 -21.774195 2.313462
v 11.105226 -21.774195 2.680647
v 10.969338 -21.774195 2.854770
v 11.459436 -21.774195 -2.121285
v 11.232402 -21.774195 2.500066
v 11.558743 -21.774195 1.923998
v 11.558743 -21.774195 -1.923998
v 11.727738 -21.774195 -1.516004
v 10.825070 -21.774195 3.022015
v 10.672770 -21.774195 3.181980
v 10.512809 -21.774195 3.334280
v 9.612076 -21.774195 -3.968646
v 10.171439 -21.774195 -3.614434
v 10.345560 -21.774195 3.478547
v 10.672770 -21.774195 -3.181981
v 9.990856 -21.774195 -3.741614
v 9.804255 -21.774195 3.859778
v 10.171439 -21.774195 3.614434
v 9.804255 -21.774195 -3.859779
v 10.345560 -21.774195 -3.478547
v 10.512809 -21.774195 -3.334280
v 9.414790 -21.774195 4.067951
v 9.612076 -21.774195 3.968645
v 9.414790 -21.774195 -4.067952
v 9.990856 -21.774195 3.741613
v 8.368697 -21.774195 -4.413534
v 8.584203 -21.774195 4.365140
v 8.368697 -21.774195 4.413533
v 7.490790 -21.774195 4.500000
v 8.584203 -21.774195 -4.365141
v 8.151076 -21.774195 4.451294
v 7.931868 -21.774195 4.478331
v 9.212869 -21.774195 4.157457
v 8.797071 -21.774195 4.306231
v 8.151076 -21.774195 -4.451295
v 7.711596 -21.774195 -4.494580
v 7.490790 -21.774195 -4.500000
v 9.006798 -21.774195 4.236948
v 9.212869 -21.774195 -4.157458
v 7.931868 -21.774195 -4.478332
v 7.711596 -21.774195 4.494579
v 9.006798 -21.774195 -4.236948
v 8.797071 -21.774195 -4.306232
v 6.612884 -21.774195 4.413533
v 7.269987 -21.774195 -4.494580
v 6.184509 -21.774195 4.306231
v 6.830503 -21.774195 4.451294
v 5.974786 -21.774195 -4.236948
v 6.397380 -21.774195 -4.365141
v 6.830503 -21.774195 -4.451295
v 7.049714 -21.774195 4.478331
v 6.612884 -21.774195 -4.413534
v 7.269987 -21.774195 4.494579
v 6.184509 -21.774195 -4.306232
v 6.397380 -21.774195 4.365140
v 7.049714 -21.774195 -4.478332
v 5.369507 -21.774195 3.968645
v 4.990725 -21.774195 -3.741614
v 4.468775 -21.774195 -3.334280
v 5.177329 -21.774195 3.859778
v 4.468775 -21.774195 3.334280
v 4.308812 -21.774195 -3.181981
v 5.974786 -21.774195 4.236948
v 5.566792 -21.774195 -4.067952
v 5.566792 -21.774195 4.067951
v 5.768715 -21.774195 -4.157458
v 5.768715 -21.774195 4.157457
v 4.636021 -21.774195 3.478547
v 4.810143 -21.774195 3.614434
v 4.990725 -21.774195 3.741613
v 4.810143 -21.774195 -3.614434
v 5.369507 -21.774195 -3.968646
v 5.177329 -21.774195 -3.859779
v 4.636021 -21.774195 -3.478547
v 3.039496 -21.774195 -0.660287
v 3.077256 -21.774195 -0.877907
v 3.333332 -21.774195 1.722075
v 3.253844 -21.774195 -1.516004
v 3.631012 -21.774195 -2.313462
v 3.522146 -21.774195 -2.121285
v 3.184559 -21.774195 -1.306281
v 3.422838 -21.774195 -1.923998
v 3.184559 -21.774195 1.306281
v 3.125649 -21.774195 1.093411
v 3.012460 -21.774195 0.441077
v 2.996212 -21.774195 0.220804
v 3.077256 -21.774195 0.877906
v 3.253844 -21.774195 1.516004
v 4.012244 -21.774195 -2.854770
v 3.876357 -21.774195 -2.680647
v 3.749179 -21.774195 -2.500066
v 3.012460 -21.774195 -0.441077
v 3.039496 -21.774195 0.660287
v 2.996212 -21.774195 -0.220805
v 3.333332 -21.774195 -1.722076
v 3.125649 -21.774195 -1.093411
v 4.156510 -21.774195 3.022015
v 4.308812 -21.774195 3.181980
v 3.631012 -21.774195 2.313462
v 3.422838 -21.774195 1.923998
v 3.522146 -21.774195 2.121285
v 4.012244 -21.774195 2.854770
v 3.876357 -21.774195 2.680647
v 4.156510 -21.774195 -3.022016
v 3.749179 -21.774195 2.500066
v 2.990790 -21.774195 -0.000000
v -2.996210 -18.774195 0.220805
v -2.990790 -18.774195 0.000001
v -2.996210 -18.774195 -0.220804
v -3.012457 -18.774195 -0.441077
v -3.012457 -18.774195 0.441078
v -3.039494 -18.774195 0.660288
v -3.039494 -18.774195 -0.660287
v -3.077256 -18.774195 0.877907
v -3.077256 -18.774195 -0.877906
v -3.125648 -18.774195 1.093411
v -3.184556 -18.774195 -1.306280
v -3.125648 -18.774195 -1.093410
v -3.631011 -18.774195 -2.313462
v -3.522143 -18.774195 -2.121285
v -3.422837 -18.774195 1.923998
v -4.156509 -18.774195 -3.022015
v -3.522143 -18.774195 2.121286
v -4.012242 -18.774195 -2.854769
v -3.253840 -18.774195 -1.516004
v -3.184556 -18.774195 1.306282
v -3.422837 -18.774195 -1.923997
v -3.333332 -18.774195 -1.722075
v -3.631011 -18.774195 2.313463
v -3.876357 -18.774195 2.680647
v -3.876357 -18.774195 -2.680647
v -3.749175 -18.774195 2.500066
v -3.333332 -18.774195 1.722076
v -3.253840 -18.774195 1.516005
v -3.749175 -18.774195 -2.500066
v -4.012242 -18.774195 2.854770
v -4.636019 -18.774195 3.478548
v -4.810143 -18.774195 -3.614433
v -4.308808 -18.774195 3.181981
v -4.468774 -18.774195 3.334280
v -4.156509 -18.774195 3.022016
v -5.177327 -18.774195 -3.859778
v -4.810143 -18.774195 3.614434
v -4.990723 -18.774195 3.741614
v -4.468774 -18.774195 -3.334280
v -4.636019 -18.774195 -3.478547
v -4.308808 -18.774195 -3.181980
v -5.177327 -18.774195 3.859779
v -5.369504 -18.774195 -3.968645
v -4.990723 -18.774195 -3.741613
v -5.369504 -18.774195 3.968646
v -6.184508 -18.774195 -4.306231
v -5.974785 -18.774195 -4.236948
v -7.049711 -18.774195 -4.478331
v -6.612883 -18.774195 4.413534
v -5.566792 -18.774195 4.067952
v -6.397378 -18.774195 4.365141
v -5.566792 -18.774195 -4.067951
v -6.830502 -18.774195 -4.451294
v -6.830502 -18.774195 4.451295
v -7.049711 -18.774195 4.478332
v -6.397378 -18.774195 -4.365140
v -6.612883 -18.774195 -4.413533
v -6.184508 -18.774195 4.306232
v -5.768712 -18.774195 4.157458
v -5.974785 -18.774195 4.236948
v -5.768712 -18.774195 -4.157457
v -7.269985 -18.774195 -4.494579
v -8.151075 -18.774195 -4.451294
v -9.006793 -18.774195 4.236948
v -7.931866 -18.774195 -4.478331
v -8.797070 -18.774195 4.306232
v -8.151075 -18.774195 4.451295
v -7.931866 -18.774195 4.478332
v -7.490789 -18.774195 4.500000
v -7.269985 -18.774195 4.494580
v -8.368696 -18.774195 -4.413533
v -8.584200 -18.774195 4.365141
v -8.368696 -18.774195 4.413534
v -7.711593 -18.774195 4.494580
v -7.490789 -18.774195 -4.500000
v -8.584200 -18.774195 -4.365140
v -8.797070 -18.774195 -4.306231
v -7.711593 -18.774195 -4.494579
v -9.804254 -18.774195 -3.859778
v -10.345558 -18.774195 -3.478547
v -9.612075 -18.774195 3.968646
v -9.212864 -18.774195 -4.157457
v -9.414788 -18.774195 -4.067951
v -10.345558 -18.774195 3.478548
v -10.171437 -18.774195 3.614434
v -10.171437 -18.774195 -3.614433
v -9.990854 -18.774195 3.741614
v -9.804254 -18.774195 3.859779
v -9.006793 -18.774195 -4.236948
v -9.212864 -18.774195 4.157458
v -9.414788 -18.774195 4.067952
v -9.990854 -18.774195 -3.741613
v -10.512804 -18.774195 3.334280
v -9.612075 -18.774195 -3.968645
v -11.350567 -18.774195 2.313463
v -11.232404 -18.774195 2.500066
v -11.105224 -18.774195 -2.680647
v -10.969337 -18.774195 2.854770
v -10.512804 -18.774195 -3.334280
v -10.672771 -18.774195 3.181981
v -11.459435 -18.774195 2.121286
v -11.350567 -18.774195 -2.313462
v -11.232404 -18.774195 -2.500066
v -10.825068 -18.774195 3.022016
v -10.969337 -18.774195 -2.854769
v -10.825068 -18.774195 -3.022015
v -11.459435 -18.774195 -2.121285
v -10.672771 -18.774195 -3.181980
v -11.105224 -18.774195 2.680647
v -11.558741 -18.774195 1.923998
v -11.648246 -18.774195 1.722076
v -11.727736 -18.774195 1.516005
v -11.969119 -18.774195 -0.441077
v -11.727736 -18.774195 -1.516004
v -11.648246 -18.774195 -1.722075
v -11.942082 -18.774195 -0.660287
v -11.985367 -18.774195 0.220805
v -11.990789 -18.774195 0.000001
v -11.904324 -18.774195 0.877907
v -11.855929 -18.774195 1.093411
v -11.969119 -18.774195 0.441078
v -11.985367 -18.774195 -0.220804
v -11.904324 -18.774195 -0.877906
v -11.797020 -18.774195 -1.306280
v -11.855929 -18.774195 -1.093410
v -11.942082 -18.774195 0.660288
v -11.797020 -18.774195 1.306282
v -11.558741 -18.774195 -1.923997
v 11.904326 -18.774195 0.877907
v 11.855931 -18.774195 -1.093410
v 11.990792 -18.774195 0.000001
v 11.942084 -18.774195 0.660288
v 11.942084 -18.774195 -0.660287
v 11.855931 -18.774195 1.093412
v 11.904326 -18.774195 -0.877906
v 11.969121 -18.774195 -0.441077
v 11.969121 -18.774195 0.441078
v 11.985372 -18.774195 0.220805
v 11.797025 -18.774195 1.306282
v 11.797025 -18.774195 -1.306280
v 11.985372 -18.774195 -0.220804
v 11.232402 -18.774195 -2.500066
v 11.350569 -18.774195 -2.313462
v 11.105226 -18.774195 -2.680647
v 10.825070 -18.774195 -3.022015
v 10.969338 -18.774195 -2.854769
v 11.648251 -18.774195 1.722076
v 11.727738 -18.774195 1.516005
v 11.648251 -18.774195 -1.722075
v 11.459436 -18.774195 2.121286
v 11.350569 -18.774195 2.313463
v 11.105226 -18.774195 2.680647
v 10.969338 -18.774195 2.854770
v 11.459436 -18.774195 -2.121285
v 11.232402 -18.774195 2.500066
v 11.558743 -18.774195 1.923998
v 11.558743 -18.774195 -1.923997
v 11.727738 -18.774195 -1.516004
v 10.825070 -18.774195 3.022016
v 10.672770 -18.774195 3.181981
v 10.512809 -18.774195 3.334280
v 9.612076 -18.774195 -3.968645
v 10.171439 -18.774195 -3.614433
v 10.345560 -18.774195 3.478548
v 10.672770 -18.774195 -3.181980
v 9.990856 -18.774195 -3.741613
v 9.804255 -18.774195 3.859779
v 10.171439 -18.774195 3.614434
v 9.804255 -18.774195 -3.859778
v 10.345560 -18.774195 -3.478547
v 10.512809 -18.774195 -3.334280
v 9.414790 -18.774195 4.067952
v 9.612076 -18.774195 3.968646
v 9.414790 -18.774195 -4.067951
v 9.990856 -18.774195 3.741614
v 8.368697 -18.774195 -4.413533
v 8.584203 -18.774195 4.365141
v 8.368697 -18.774195 4.413534
v 7.490790 -18.774195 4.500000
v 8.584203 -18.774195 -4.365140
v 8.151076 -18.774195 4.451295
v 7.931868 -18.774195 4.478332
v 9.212869 -18.774195 4.157458
v 8.797071 -18.774195 4.306232
v 8.151076 -18.774195 -4.451294
v 7.711596 -18.774195 -4.494579
v 7.490790 -18.774195 -4.500000
v 9.006798 -18.774195 4.236948
v 9.212869 -18.774195 -4.157457
v 7.931868 -18.774195 -4.478331
v 7.711596 -18.774195 4.494580
v 9.006798 -18.774195 -4.236948
v 8.797071 -18.774195 -4.306231
v 6.612884 -18.774195 4.413534
v 7.269987 -18.774195 -4.494579
v 6.184509 -18.774195 4.306232
v 6.830503 -18.774195 4.451295
v 5.974786 -18.774195 -4.236948
v 6.397380 -18.774195 -4.365140
v 6.830503 -18.774195 -4.451294
v 7.049714 -18.774195 4.478332
v 6.612884 -18.774195 -4.413533
v 7.269987 -18.774195 4.494580
v 6.184509 -18.774195 -4.306231
v 6.397380 -18.774195 4.365141
v 7.049714 -18.774195 -4.478331
v 5.369507 -18.774195 3.968646
v 4.990725 -18.774195 -3.741613
v 4.468775 -18.774195 -3.334280
v 5.177329 -18.774195 3.859779
v 4.468775 -18.774195 3.334280
v 4.308812 -18.774195 -3.181980
v 5.974786 -18.774195 4.236948
v 5.566792 -18.774195 -4.067951
v 5.566792 -18.774195 4.067952
v 5.768715 -18.774195 -4.157457
v 5.768715 -18.774195 4.157458
v 4.636021 -18.774195 3.478548
v 4.810143 -18.774195 3.614434
v 4.990725 -18.774195 3.741614
v 4.810143 -18.774195 -3.614433
v 5.369507 -18.774195 -3.968645
v 5.177329 -18.774195 -3.859778
v 4.636021 -18.774195 -3.478547
v 3.039496 -18.774195 -0.660287
v 3.077256 -18.774195 -0.877906
v 3.333332 -18.774195 1.722076
v 3.253844 -18.774195 -1.516004
v 3.631012 -18.774195 -2.313462
v 3.522146 -18.774195 -2.121285
v 3.184559 -18.774195 -1.306280
v 3.422838 -18.774195 -1.923997
v 3.184559 -18.774195 1.306282
v 3.125649 -18.774195 1.093412
v 3.012460 -18.774195 0.441078
v 2.996212 -18.774195 0.220805
v 3.077256 -18.774195 0.877907
v 3.253844 -18.774195 1.516005
v 4.012244 -18.774195 -2.854769
v 3.876357 -18.774195 -2.680647
v 3.749179 -18.774195 -2.500066
v 3.012460 -18.774195 -0.441077
v 3.039496 -18.774195 0.660288
v 2.996212 -18.774195 -0.220804
v 3.333332 -18.774195 -1.722075
v 3.125649 -18.774195 -1.093410
v 4.156510 -18.774195 3.022016
v 4.308812 -18.774195 3.181981
v 3.631012 -18.774195 2.313463
v 3.422838 -18.774195 1.923998
v 3.522146 -18.774195 2.121286
v 4.012244 -18.774195 2.854770
v 3.876357 -18.774195 2.680647
v 4.156510 -18.774195 -3.022015
v 3.749179 -18.774195 2.500066
v 2.990790 -18.774195 0.000001
v 0.000000 -21.774195 -21.000000
v 0.000000 21.774195 -21.000000
v 1.030421 -21.774195 -20.974705
v 1.030421 21.774195 -20.974705
v 2.058360 -21.774195 -20.898880
v 2.058360 21.774195 -20.898880
v 3.081340 -21.774195 -20.772707
v 3.081340 21.774195 -20.772707
v 4.096897 -21.774195 -20.596491
v 4.096897 21.774195 -20.596491
v 5.102584 -21.774195 -20.370657
v 5.102584 21.774195 -20.370657
v 6.095978 -21.774195 -20.095747
v 6.095978 21.774195 -20.095747
v 7.074687 -21.774195 -19.772425
v 7.074687 21.774195 -19.772425
v 8.036352 -21.774195 -19.401470
v 8.036352 21.774195 -19.401470
v 8.978657 -21.774195 -18.983776
v 8.978657 21.774195 -18.983776
v 9.899332 -21.774195 -18.520346
v 9.899332 21.774195 -18.520346
v 10.796158 -21.774195 -18.012300
v 10.796158 21.774195 -18.012300
v 11.666975 -21.774195 -17.460861
v 11.666975 21.774195 -17.460861
v 12.509686 -21.774195 -16.867357
v 12.509686 21.774195 -16.867357
v 13.322260 -21.774195 -16.233219
v 13.322260 21.774195 -16.233219
v 14.102738 -21.774195 -15.559974
v 14.102738 21.774195 -15.559974
v 14.849242 -21.774195 -14.849242
v 14.849242 21.774195 -14.849242
v 15.559974 -21.774195 -14.102738
v 15.559974 21.774195 -14.102738
v 16.233219 -21.774195 -13.322260
v 16.233219 21.774195 -13.322260
v 16.867357 -21.774195 -12.509686
v 16.867357 21.774195 -12.509686
v 17.460861 -21.774195 -11.666975
v 17.460861 21.774195 -11.666975
v 18.012300 -21.774195 -10.796158
v 18.012300 21.774195 -10.796158
v 18.520346 -21.774195 -9.899332
v 18.520346 21.774195 -9.899332
v 18.983776 -21.774195 -8.978657
v 18.983776 21.774195 -8.978657
v 19.401470 -21.774195 -8.036352
v 19.401470 21.774195 -8.036352
v 19.772425 -21.774195 -7.074687
v 19.772425 21.774195 -7.074687
v 20.095747 -21.774195 -6.095978
v 20.095747 21.774195 -6.095978
v 20.370657 -21.774195 -5.102584
v 20.370657 21.774195 -5.102584
v 20.596491 -21.774195 -4.096897
v 20.596491 21.774195 -4.096897
v 20.772707 -21.774195 -3.081340
v 20.772707 21.774195 -3.081340
v 20.898880 -21.774195 -2.058360
v 20.898880 21.774195 -2.058360
v 20.974705 -21.774195 -1.030421
v 20.974705 21.774195 -1.030421
v 21.000000 -21.774195 0.000000
v 21.000000 21.774195 0.000000
v 20.974705 -21.774195 1.030421
v 20.974705 21.774195 1.030421
v 20.898880 -21.774195 2.058360
v 20.898880 21.774195 2.058360
v 20.772707 -21.774195 3.081340
v 20.772707 21.774195 3.081340
v 20.596491 -21.774195 4.096897
v 20.596491 21.774195 4.096897
v 20.370657 -21.774195 5.102584
v 20.370657 21.774195 5.102584
v 20.095747 -21.774195 6.095978
v 20.095747 21.774195 6.095978
v 19.772425 -21.774195 7.074687
v 19.772425 21.774195 7.074687
v 19.401470 -21.774195 8.036352
v 19.401470 21.774195 8.036352
v 18.983776 -21.774195 8.978657
v 18.983776 21.774195 8.978657
v 18.520346 -21.774195 9.899332
v 18.520346 21.774195 9.899332
v 18.012300 -21.774195 10.796158
v 18.012300 21.774195 10.796158
v 17.460861 -21.774195 11.666975
v 17.460861 21.774195 11.666975
v 16.867357 -21.774195 12.509686
v 16.867357 21.774195 12.509686
v 16.233219 -21.774195 13.322260
v 16.233219 21.774195 13.322260
v 15.559974 -21.774195 14.102738
v 15.559974 21.774195 14.102738
v 14.849242 -21.774195 14.849242
v 14.849242 21.774195 14.849242
v 14.102738 -21.774195 15.559974
v 14.102738 21.774195 15.559974
v 13.322260 -21.774195 16.233219
v 13.322260 21.774195 16.233219
v 12.509686 -21.774195 16.867357
v 12.509686 21.774195 16.867357
v 11.666975 -21.774195 17.460861
v 11.666975 21.774195 17.460861
v 10.796158 -21.774195 18.012300
v 10.796158 21.774195 18.012300
v 9.899332 -21.774195 18.520346
v 9.899332 21.774195 18.520346
v 8.978657 -21.774195 18.983776
v 8.978657 21.774195 18.983776
v 8.036352 -21.774195 19.401470
v 8.036352 21.774195 19.401470
v 7.074687 -21.774195 19.772425
v 7.074687 21.774195 19.772425
v 6.095978 -21.774195 20.095747
v 6.095978 21.774195 20.095747
v 5.102584 -21.774195 20.370657
v 5.102584 21.774195 20.370657
v 4.096897 -21.774195 20.596491
v 4.096897 21.774195 20.596491
v 3.081340 -21.774195 20.772707
v 3.081340 21.774195 20.772707
v 2.058360 -21.774195 20.898880
v 2.058360 21.774195 20.898880
v 1.030421 -21.774195 20.974705
v 1.030421 21.774195 20.974705
v 0.000000 -21.774195 21.000000
v 0.000000 21.774195 21.000000
v -1.030421 -21.774195 20.974705
v -1.030421 21.774195 20.974705
v -2.058360 -21.774195 20.898880
v -2.058360 21.774195 20.898880
v -3.081340 -21.774195 20.772707
v -3.081340 21.774195 20.772707
v -4.096897 -21.774195 20.596491
v -4.096897 21.774195 20.596491
v -5.102584 -21.774195 20.370657
v -5.102584 21.774195 20.370657
v -6.095978 -21.774195 20.095747
v -6.095978 21.774195 20.095747
v -7.074687 -21.774195 19.772425
v -7.074687 21.774195 19.772425
v -8.036352 -21.774195 19.401470
v -8.036352 21.774195 19.401470
v -8.978657 -21.774195 18.983776
v -8.978657 21.774195 18.983776
v -9.899332 -21.774195 18.520346
v -9.899332 21.774195 18.520346
v -10.796158 -21.774195 18.012300
v -10.796158 21.774195 18.012300
v -11.666975 -21.774195 17.460861
v -11.666975 21.774195 17.460861
v -12.509686 -21.774195 16.867357
v -12.509686 21.774195 16.867357
v -13.322260 -21.774195 16.233219
v -13.322260 21.774195 16.233219
v -14.102738 -21.774195 15.559974
v -14.102738 21.774195 15.559974
v -14.849242 -21.774195 14.849242
v -14.849242 21.774195 14.849242
v -15.559974 -21.774195 14.102738
v -15.559974 21.774195 14.102738
v -16.233219 -21.774195 13.322260
v -16.233219 21.774195 13.322260
v -16.867357 -21.774195 12.509686
v -16.867357 21.774195 12.509686
v -17.460861 -21.774195 11.666975
v -17.460861 21.774195 11.666975
v -18.012300 -21.774195 10.796158
v -18.012300 21.774195 10.796158
v -18.520346 -21.774195 9.899332
v -18.520346 21.774195 9.899332
v -18.983776 -21.774195 8.978657
v -18.983776 21.774195 8.978657
v -19.401470 -21.774195 8.036352
v -19.401470 21.774195 8.036352
v -19.772425 -21.774195 7.074687
v -19.772425 21.774195 7.074687
v -20.095747 -21.774195 6.095978
v -20.095747 21.774195 6.095978
v -20.370657 -21.774195 5.102584
v -20.370657 21.774195 5.102584
v -20.596491 -21.774195 4.096897
v -20.596491 21.774195 4.096897
v -20.772707 -21.774195 3.081340
v -20.772707 21.774195 3.081340
v -20.898880 -21.774195 2.058360
v -20.898880 21.774195 2.058360
v -20.974705 -21.774195 1.030421
v -20.974705 21.774195 1.030421
v -21.000000 -21.774195 0.000000
v -21.000000 21.774195 0.000000
v -20.974705 -21.774195 -1.030421
v -20.974705 21.774195 -1.030421
v -20.898880 -21.774195 -2.058360
v -20.898880 21.774195 -2.058360
v -20.772707 -21.774195 -3.081340
v -20.772707 21.774195 -3.081340
v -20.596491 -21.774195 -4.096897
v -20.596491 21.774195 -4.096897
v -20.370657 -21.774195 -5.102584
v -20.370657 21.774195 -5.102584
v -20.095747 -21.774195 -6.095978
v -20.095747 21.774195 -6.095978
v -19.772425 -21.774195 -7.074687
v -19.772425 21.774195 -7.074687
v -19.401470 -21.774195 -8.036352
v -19.401470 21.774195 -8.036352
v -18.983776 -21.774195 -8.978657
v -18.983776 21.774195 -8.978657
v -18.520346 -21.774195 -9.899332
v -18.520346 21.774195 -9.899332
v -18.012300 -21.774195 -10.796158
v -18.012300 21.774195 -10.796158
v -17.460861 -21.774195 -11.666975
v -17.460861 21.774195 -11.666975
v -16.867357 -21.774195 -12.509686
v -16.867357 21.774195 -12.509686
v -16.233219 -21.774195 -13.322260
v -16.233219 21.774195 -13.322260
v -15.559974 -21.774195 -14.102738
v -15.559974 21.774195 -14.102738
v -14.849242 -21.774195 -14.849242
v -14.849242 21.774195 -14.849242
v -14.102738 -21.774195 -15.559974
v -14.102738 21.774195 -15.559974
v -13.322260 -21.774195 -16.233219
v -13.322260 21.774195 -16.233219
v -12.509686 -21.774195 -16.867357
v -12.509686 21.774195 -16.867357
v -11.666975 -21.774195 -17.460861
v -11.666975 21.774195 -17.460861
v -10.796158 -21.774195 -18.012300
v -10.796158 21.774195 -18.012300
v -9.899332 -21.774195 -18.520346
v -9.899332 21.774195 -18.520346
v -8.978657 -21.774195 -18.983776
v -8.978657 21.774195 -18.983776
v -8.036352 -21.774195 -19.401470
v -8.036352 21.774195 -19.401470
v -7.074687 -21.774195 -19.772425
v -7.074687 21.774195 -19.772425
v -6.095978 -21.774195 -20.095747
v -6.095978 21.774195 -20.095747
v -5.102584 -21.774195 -20.370657
v -5.102584 21.774195 -20.370657
v -4.096897 -21.774195 -20.596491
v -4.096897 21.774195 -20.596491
v -3.081340 -21.774195 -20.772707
v -3.081340 21.774195 -20.772707
v -2.058360 -21.774195 -20.898880
v -2.058360 21.774195 -20.898880
v -1.030421 -21.774195 -20.974705
v -1.030421 21.774195 -20.974705
v 0.000000 -21.774195 -15.000000
v -15.000001 21.765766 0.000000
v 0.736015 -21.774195 -14.981932
v -14.981933 21.765766 -0.736015
v 1.470257 -21.774195 -14.927771
v -14.927773 21.765766 -1.470258
v 2.200957 -21.774195 -14.837647
v -14.837647 21.765766 -2.200957
v 2.926355 -21.774195 -14.711779
v -14.711779 21.765766 -2.926355
v 3.644703 -21.774195 -14.550468
v -14.550468 21.765766 -3.644703
v 4.354270 -21.774195 -14.354105
v -14.354106 21.765766 -4.354271
v 5.053348 -21.774195 -14.123161
v -14.123161 21.765766 -5.053349
v 5.740252 -21.774195 -13.858192
v -13.858194 21.765766 -5.740252
v 6.413326 -21.774195 -13.559839
v -13.559841 21.765766 -6.413327
v 7.070951 -21.774195 -13.228819
v -13.228819 21.765766 -7.070951
v 7.711541 -21.774195 -12.865929
v -12.865930 21.765766 -7.711542
v 8.333553 -21.774195 -12.472044
v -12.472046 21.765766 -8.333553
v 8.935490 -21.774195 -12.048113
v -12.048115 21.765766 -8.935490
v 9.515900 -21.774195 -11.595157
v -11.595158 21.765766 -9.515900
v 10.073384 -21.774195 -11.114266
v -11.114268 21.765766 -10.073384
v 10.606602 -21.774195 -10.606602
v -10.606602 21.765766 -10.606603
v 11.114266 -21.774195 -10.073384
v -10.073386 21.765766 -11.114267
v 11.595157 -21.774195 -9.515900
v -9.515901 21.765766 -11.595158
v 12.048113 -21.774195 -8.935490
v -8.935492 21.765766 -12.048114
v 12.472044 -21.774195 -8.333553
v -8.333555 21.765766 -12.472045
v 12.865929 -21.774195 -7.711541
v -7.711542 21.765766 -12.865930
v 13.228819 -21.774195 -7.070951
v -7.070951 21.765766 -13.228820
v 13.559839 -21.774195 -6.413326
v -6.413328 21.765766 -13.559840
v 13.858192 -21.774195 -5.740252
v 14.123161 -21.774195 -5.053348
v 14.354105 -21.774195 -4.354270
v -4.354271 21.765766 -14.354106
v 14.550468 -21.774195 -3.644703
v 14.711779 -21.774195 -2.926355
v 14.837647 -21.774195 -2.200957
v 14.927771 -21.774195 -1.470257
v 14.981932 -21.774195 -0.736015
v 15.000000 -21.774195 0.000000
v 14.981932 -21.774195 0.736015
v 0.736013 21.765766 -14.981933
v 14.927771 -21.774195 1.470257
v 1.470256 21.765766 -14.927773
v 14.837647 -21.774195 2.200957
v 14.711779 -21.774195 2.926355
v 14.550468 -21.774195 3.644703
v 14.354105 -21.774195 4.354270
v 4.354269 21.765766 -14.354106
v 14.123161 -21.774195 5.053348
v 5.053347 21.765766 -14.123161
v 13.858192 -21.774195 5.740252
v 13.559839 -21.774195 6.413326
v 6.413325 21.765766 -13.559841
v 13.228819 -21.774195 7.070951
v 7.070950 21.765766 -13.228819
v 12.865929 -21.774195 7.711541
v 7.711540 21.765766 -12.865930
v 12.472044 -21.774195 8.333553
v 8.333551 21.765766 -12.472046
v 12.048113 -21.774195 8.935490
v 8.935488 21.765766 -12.048115
v 11.595157 -21.774195 9.515900
v 9.515898 21.765766 -11.595158
v 11.114266 -21.774195 10.073384
v 10.073382 21.765766 -11.114268
v 10.606602 -21.774195 10.606602
v 10.606601 21.765766 -10.606602
v 10.073384 -21.774195 11.114266
v 11.114265 21.765766 -10.073386
v 9.515900 -21.774195 11.595157
v 11.595156 21.765766 -9.515901
v 8.935490 -21.774195 12.048113
v 12.048112 21.765766 -8.935492
v 8.333553 -21.774195 12.472044
v 12.472043 21.765766 -8.333555
v 7.711541 -21.774195 12.865929
v 12.865928 21.765766 -7.711542
v 7.070951 -21.774195 13.228819
v 13.228818 21.765766 -7.070951
v 6.413326 -21.774195 13.559839
v 13.559838 21.765766 -6.413328
v 5.740252 -21.774195 13.858192
v 13.858191 21.765766 -5.740253
v 5.053348 -21.774195 14.123161
v 14.123161 21.765766 -5.053349
v 4.354270 -21.774195 14.354105
v 14.354104 21.765766 -4.354271
v 3.644703 -21.774195 14.550468
v 14.550467 21.765766 -3.644705
v 2.926355 -21.774195 14.711779
v 14.711779 21.765766 -2.926355
v 2.200957 -21.774195 14.837647
v 14.837646 21.765766 -2.200959
v 1.470257 -21.774195 14.927771
v 14.927770 21.765766 -1.470259
v 0.736015 -21.774195 14.981932
v 14.981931 21.765766 -0.736016
v 0.000000 -21.774195 15.000000
v 14.999999 21.765766 -0.000002
v -0.736015 -21.774195 14.981932
v 14.981931 21.765766 0.736013
v -1.470257 -21.774195 14.927771
v 14.927771 21.765766 1.470256
v -2.200957 -21.774195 14.837647
v 14.837646 21.765766 2.200955
v -2.926355 -21.774195 14.711779
v 14.711777 21.765766 2.926353
v -3.644703 -21.774195 14.550468
v 14.550468 21.765766 3.644701
v -4.354270 -21.774195 14.354105
v 14.354104 21.765766 4.354269
v -5.053348 -21.774195 14.123161
v 14.123159 21.765766 5.053347
v -5.740252 -21.774195 13.858192
v 13.858192 21.765766 5.740251
v -6.413326 -21.774195 13.559839
v 13.559837 21.765766 6.413325
v -7.070951 -21.774195 13.228819
v 13.228817 21.765766 7.070950
v -7.711541 -21.774195 12.865929
v 12.865928 21.765766 7.711540
v -8.333553 -21.774195 12.472044
v 12.472042 21.765766 8.333551
v -8.935490 -21.774195 12.048113
v 12.048111 21.765766 8.935488
v -9.515900 -21.774195 11.595157
v 11.595156 21.765766 9.515898
v -10.073384 -21.774195 11.114266
v 11.114264 21.765766 10.073382
v -10.606602 -21.774195 10.606602
v 10.606602 21.765766 10.606601
v -11.114266 -21.774195 10.073384
v 10.073384 21.765766 11.114265
v -11.595157 -21.774195 9.515900
v 9.515901 21.765766 11.595156
v -12.048113 -21.774195 8.935490
v 8.935490 21.765766 12.048112
v -12.472044 -21.774195 8.333553
v 8.333553 21.765766 12.472043
v -12.865929 -21.774195 7.711541
v 7.711540 21.765766 12.865928
v -13.228819 -21.774195 7.070951
v 7.070951 21.765766 13.228818
v -13.559839 -21.774195 6.413326
v 6.413326 21.765766 13.559838
v -13.858192 -21.774195 5.740252
v -14.123161 -21.774195 5.053348
v 5.053349 21.765766 14.123161
v -14.354105 -21.774195 4.354270
v -14.550468 -21.774195 3.644703
v 3.644703 21.765766 14.550467
v -14.711779 -21.774195 2.926355
v 2.926355 21.765766 14.711779
v -14.837647 -21.774195 2.200957
v -14.927771 -21.774195 1.470257
v 1.470257 21.765766 14.927770
v -14.981932 -21.774195 0.736015
v -15.000000 -21.774195 0.000000
v -14.981932 -21.774195 -0.736015
v -14.927771 -21.774195 -1.470257
v -1.470257 21.765766 14.927771
v -14.837647 -21.774195 -2.200957
v -2.200957 21.765766 14.837646
v -14.711779 -21.774195 -2.926355
v -2.926355 21.765766 14.711777
v -14.550468 -21.774195 -3.644703
v -3.644703 21.765766 14.550468
v -14.354105 -21.774195 -4.354270
v -14.123161 -21.774195 -5.053348
v -13.858192 -21.774195 -5.740252
v -13.559839 -21.774195 -6.413326
v -6.413327 21.765766 13.559837
v -13.228819 -21.774195 -7.070951
v -7.070951 21.765766 13.228817
v -12.865929 -21.774195 -7.711541
v -7.711542 21.765766 12.865928
v -12.472044 -21.774195 -8.333553
v -8.333553 21.765766 12.472042
v -12.048113 -21.774195 -8.935490
v -8.935490 21.765766 12.048111
v -11.595157 -21.774195 -9.515900
v -9.515900 21.765766 11.595156
v -11.114266 -21.774195 -10.073384
v -10.073384 21.765766 11.114264
v -10.606602 -21.774195 -10.606602
v -10.606603 21.765766 10.606602
v -10.073384 -21.774195 -11.114266
v -11.114267 21.765766 10.073384
v -9.515900 -21.774195 -11.595157
v -11.595158 21.765766 9.515901
v -8.935490 -21.774195 -12.048113
v -12.048114 21.765766 8.935490
v -8.333553 -21.774195 -12.472044
v -12.472045 21.765766 8.333553
v -7.711541 -21.774195 -12.865929
v -12.865930 21.765766 7.711540
v -7.070951 -21.774195 -13.228819
v -13.228820 21.765766 7.070951
v -6.413326 -21.774195 -13.559839
v -13.559840 21.765766 6.413326
v -5.740252 -21.774195 -13.858192
v -13.858192 21.765766 5.740252
v -5.053348 -21.774195 -14.123161
v -14.123163 21.765766 5.053349
v -4.354270 -21.774195 -14.354105
v -14.354106 21.765766 4.354269
v -3.644703 -21.774195 -14.550468
v -14.550469 21.765766 3.644703
v -2.926355 -21.774195 -14.711779
v -14.711781 21.765766 2.926355
v -2.200957 -21.774195 -14.837647
v -14.837648 21.765766 2.200957
v -1.470257 -21.774195 -14.927771
v -14.927772 21.765766 1.470257
v -0.736015 -21.774195 -14.981932
v -14.981933 21.765766 0.736015
v 0.000000 -21.774195 -17.000000
v -17.000000 21.765766 0.000000
v 0.834150 -21.774195 -16.979523
v -16.979523 21.765766 -0.834150
v 1.666291 -21.774195 -16.918140
v -16.918140 21.765766 -1.666291
v 2.494418 -21.774195 -16.816000
v -16.816000 21.765766 -2.494418
v 3.316535 -21.774195 -16.673349
v -16.673349 21.765766 -3.316536
v 4.130663 -21.774195 -16.490532
v -16.490532 21.765766 -4.130663
v 4.934839 -21.774195 -16.267986
v -16.267986 21.765766 -4.934839
v 5.727128 -21.774195 -16.006248
v -16.006248 21.765766 -5.727128
v 6.505619 -21.774195 -15.705952
v -15.705952 21.765766 -6.505619
v 7.268436 -21.774195 -15.367819
v -15.367821 21.765766 -7.268436
v 8.013744 -21.774195 -14.992661
v -14.992661 21.765766 -8.013744
v 8.739747 -21.774195 -14.581387
v -14.581388 21.765766 -8.739747
v 9.444695 -21.774195 -14.134983
v -14.134983 21.765766 -9.444695
v 10.126888 -21.774195 -13.654528
v -13.654530 21.765766 -10.126888
v 10.784687 -21.774195 -13.141177
v -13.141178 21.765766 -10.784687
v 11.416503 -21.774195 -12.596169
v -12.596171 21.765766 -11.416503
v 12.020815 -21.774195 -12.020815
v -12.020817 21.765766 -12.020815
v 12.596169 -21.774195 -11.416503
v -11.416505 21.765766 -12.596169
v 13.141177 -21.774195 -10.784687
v -10.784688 21.765766 -13.141178
v 13.654528 -21.774195 -10.126888
v -10.126890 21.765766 -13.654529
v 14.134983 -21.774195 -9.444695
v -9.444696 21.765766 -14.134984
v 14.581387 -21.774195 -8.739747
v -8.739750 21.765766 -14.581388
v 14.992661 -21.774195 -8.013744
v -8.013746 21.765766 -14.992661
v 15.367819 -21.774195 -7.268436
v -7.268438 21.765766 -15.367820
v 15.705952 -21.774195 -6.505619
v -6.505619 21.765766 -15.705954
v 16.006248 -21.774195 -5.727128
v -5.727129 21.765766 -16.006248
v 16.267986 -21.774195 -4.934839
v -4.934841 21.765766 -16.267986
v 16.490532 -21.774195 -4.130663
v -4.130665 21.765766 -16.490532
v 16.673349 -21.774195 -3.316535
v -3.316538 21.765766 -16.673349
v 16.816000 -21.774195 -2.494418
v -2.494419 21.765766 -16.816000
v 16.918140 -21.774195 -1.666291
v -1.666292 21.765766 -16.918140
v 16.979523 -21.774195 -0.834150
v -0.834152 21.765766 -16.979523
v 17.000000 -21.774195 0.000000
v -0.000002 21.765766 -17.000000
v 16.979523 -21.774195 0.834150
v 0.834148 21.765766 -16.979523
v 16.918140 -21.774195 1.666291
v 1.666290 21.765766 -16.918140
v 16.816000 -21.774195 2.494418
v 2.494416 21.765766 -16.816000
v 16.673349 -21.774195 3.316535
v 3.316534 21.765766 -16.673349
v 16.490532 -21.774195 4.130663
v 4.130661 21.765766 -16.490532
v 16.267986 -21.774195 4.934839
v 4.934837 21.765766 -16.267986
v 16.006248 -21.774195 5.727128
v 5.727126 21.765766 -16.006248
v 15.705952 -21.774195 6.505619
v 6.505617 21.765766 -15.705952
v 15.367819 -21.774195 7.268436
v 7.268435 21.765766 -15.367821
v 14.992661 -21.774195 8.013744
v 8.013742 21.765766 -14.992661
v 14.581387 -21.774195 8.739747
v 8.739745 21.765766 -14.581388
v 14.134983 -21.774195 9.444695
v 9.444693 21.765766 -14.134983
v 13.654528 -21.774195 10.126888
v 10.126886 21.765766 -13.654530
v 13.141177 -21.774195 10.784687
v 10.784685 21.765766 -13.141178
v 12.596169 -21.774195 11.416503
v 11.416501 21.765766 -12.596171
v 12.020815 -21.774195 12.020815
v 12.020813 21.765766 -12.020817
v 11.416503 -21.774195 12.596169
v 12.596168 21.765766 -11.416505
v 10.784687 -21.774195 13.141177
v 13.141176 21.765766 -10.784688
v 10.126888 -21.774195 13.654528
v 13.654527 21.765766 -10.126890
v 9.444695 -21.774195 14.134983
v 14.134982 21.765766 -9.444696
v 8.739747 -21.774195 14.581387
v 14.581386 21.765766 -8.739750
v 8.013744 -21.774195 14.992661
v 14.992660 21.765766 -8.013746
v 7.268436 -21.774195 15.367819
v 15.367818 21.765766 -7.268438
v 6.505619 -21.774195 15.705952
v 15.705952 21.765766 -6.505619
v 5.727128 -21.774195 16.006248
v 16.006248 21.765766 -5.727129
v 4.934839 -21.774195 16.267986
v 16.267986 21.765766 -4.934841
v 4.130663 -21.774195 16.490532
v 16.490532 21.765766 -4.130665
v 3.316535 -21.774195 16.673349
v 16.673349 21.765766 -3.316538
v 2.494418 -21.774195 16.816000
v 16.816000 21.765766 -2.494419
v 1.666291 -21.774195 16.918140
v 16.918140 21.765766 -1.666292
v 0.834150 -21.774195 16.979523
v 16.979523 21.765766 -0.834152
v 0.000000 -21.774195 17.000000
v 17.000000 21.765766 -0.000002
v -0.834150 -21.774195 16.979523
v 16.979523 21.765766 0.834148
v -1.666291 -21.774195 16.918140
v 16.918140 21.765766 1.666290
v -2.494418 -21.774195 16.816000
v 16.816000 21.765766 2.494416
v -3.316535 -21.774195 16.673349
v 16.673349 21.765766 3.316534
v -4.130663 -21.774195 16.490532
v 16.490532 21.765766 4.130661
v -4.934839 -21.774195 16.267986
v 16.267986 21.765766 4.934837
v -5.727128 -21.774195 16.006248
v 16.006248 21.765766 5.727126
v -6.505619 -21.774195 15.705952
v 15.705950 21.765766 6.505617
v -7.268436 -21.774195 15.367819
v 15.367817 21.765766 7.268435
v -8.013744 -21.774195 14.992661
v 14.992661 21.765766 8.013742
v -8.739747 -21.774195 14.581387
v 14.581386 21.765766 8.739745
v -9.444695 -21.774195 14.134983
v 14.134983 21.765766 9.444693
v -10.126888 -21.774195 13.654528
v 13.654526 21.765766 10.126886
v -10.784687 -21.774195 13.141177
v 13.141176 21.765766 10.784685
v -11.416503 -21.774195 12.596169
v 12.596169 21.765766 11.416501
v -12.020815 -21.774195 12.020815
v 12.020815 21.765766 12.020813
v -12.596169 -21.774195 11.416503
v 11.416503 21.765766 12.596168
v -13.141177 -21.774195 10.784687
v 10.784688 21.765766 13.141176
v -13.654528 -21.774195 10.126888
v 10.126888 21.765766 13.654527
v -14.134983 -21.774195 9.444695
v 9.444695 21.765766 14.134982
v -14.581387 -21.774195 8.739747
v 8.739746 21.765766 14.581386
v -14.992661 -21.774195 8.013744
v 8.013744 21.765766 14.992660
v -15.367819 -21.774195 7.268436
v 7.268436 21.765766 15.367818
v -15.705952 -21.774195 6.505619
v 6.505619 21.765766 15.705952
v -16.006248 -21.774195 5.727128
v 5.727127 21.765766 16.006248
v -16.267986 -21.774195 4.934839
v 4.934839 21.765766 16.267986
v -16.490532 -21.774195 4.130663
v 4.130663 21.765766 16.490532
v -16.673349 -21.774195 3.316535
v 3.316536 21.765766 16.673349
v -16.816000 -21.774195 2.494418
v 2.494417 21.765766 16.816000
v -16.918140 -21.774195 1.666291
v 1.666292 21.765766 16.918140
v -16.979523 -21.774195 0.834150
v 0.834150 21.765766 16.979523
v -17.000000 -21.774195 0.000000
v 0.000000 21.765766 17.000000
v -16.979523 -21.774195 -0.834150
v -0.834150 21.765766 16.979523
v -16.918140 -21.774195 -1.666291
v -1.666291 21.765766 16.918140
v -16.816000 -21.774195 -2.494418
v -2.494418 21.765766 16.816000
v -16.673349 -21.774195 -3.316535
v -3.316536 21.765766 16.673349
v -16.490532 -21.774195 -4.130663
v -4.130663 21.765766 16.490532
v -16.267986 -21.774195 -4.934839
v -4.934839 21.765766 16.267986
v -16.006248 -21.774195 -5.727128
v -5.727128 21.765766 16.006248
v -15.705952 -21.774195 -6.505619
v -6.505619 21.765766 15.705950
v -15.367819 -21.774195 -7.268436
v -7.268436 21.765766 15.367817
v -14.992661 -21.774195 -8.013744
v -8.013744 21.765766 14.992661
v -14.581387 -21.774195 -8.739747
v -8.739747 21.765766 14.581386
v -14.134983 -21.774195 -9.444695
v -9.444695 21.765766 14.134983
v -13.654528 -21.774195 -10.126888
v -10.126888 21.765766 13.654526
v -13.141177 -21.774195 -10.784687
v -10.784687 21.765766 13.141176
v -12.596169 -21.774195 -11.416503
v -11.416503 21.765766 12.596169
v -12.020815 -21.774195 -12.020815
v -12.020815 21.765766 12.020815
v -11.416503 -21.774195 -12.596169
v -12.596169 21.765766 11.416503
v -10.784687 -21.774195 -13.141177
v -13.141178 21.765766 10.784688
v -10.126888 -21.774195 -13.654528
v -13.654529 21.765766 10.126888
v -9.444695 -21.774195 -14.134983
v -14.134984 21.765766 9.444695
v -8.739747 -21.774195 -14.581387
v -14.581388 21.765766 8.739746
v -8.013744 -21.774195 -14.992661
v -14.992661 21.765766 8.013744
v -7.268436 -21.774195 -15.367819
v -15.367820 21.765766 7.268436
v -6.505619 -21.774195 -15.705952
v -15.705954 21.765766 6.505619
v -5.727128 -21.774195 -16.006248
v -16.006248 21.765766 5.727127
v -4.934839 -21.774195 -16.267986
v -16.267986 21.765766 4.934839
v -4.130663 -21.774195 -16.490532
v -16.490532 21.765766 4.130663
v -3.316535 -21.774195 -16.673349
v -16.673349 21.765766 3.316536
v -2.494418 -21.774195 -16.816000
v -16.816000 21.765766 2.494417
v -1.666291 -21.774195 -16.918140
v -16.918140 21.765766 1.666290
v -0.834150 -21.774195 -16.979523
v -16.979523 21.765766 0.834150
v 0.000000 -21.774195 -19.000000
v 0.000000 21.774195 -19.000000
v 0.932286 -21.774195 -18.977114
v 0.932286 21.774195 -18.977114
v 1.862326 -21.774195 -18.908510
v 1.862326 21.774195 -18.908510
v 2.787879 -21.774195 -18.794353
v 2.787879 21.774195 -18.794353
v 3.706716 -21.774195 -18.634920
v 3.706716 21.774195 -18.634920
v 4.616624 -21.774195 -18.430593
v 4.616624 21.774195 -18.430593
v 5.515409 -21.774195 -18.181868
v 5.515409 21.774195 -18.181868
v 6.400908 -21.774195 -17.889338
v 6.400908 21.774195 -17.889338
v 7.270986 -21.774195 -17.553711
v 7.270986 21.774195 -17.553711
v 8.123547 -21.774195 -17.175797
v 8.123547 21.774195 -17.175797
v 8.956538 -21.774195 -16.756504
v 8.956538 21.774195 -16.756504
v 9.767952 -21.774195 -16.296843
v 9.767952 21.774195 -16.296843
v 10.555835 -21.774195 -15.797922
v 10.555835 21.774195 -15.797922
v 11.318287 -21.774195 -15.260942
v 11.318287 21.774195 -15.260942
v 12.053473 -21.774195 -14.687199
v 12.053473 21.774195 -14.687199
v 12.759621 -21.774195 -14.078072
v 12.759621 21.774195 -14.078072
v 13.435029 -21.774195 -13.435029
v 13.435029 21.774195 -13.435029
v 14.078072 -21.774195 -12.759621
v 14.078072 21.774195 -12.759621
v 14.687199 -21.774195 -12.053473
v 14.687199 21.774195 -12.053473
v 15.260942 -21.774195 -11.318287
v 15.260942 21.774195 -11.318287
v 15.797922 -21.774195 -10.555835
v 15.797922 21.774195 -10.555835
v 16.296843 -21.774195 -9.767952
v 16.296843 21.774195 -9.767952
v 16.756504 -21.774195 -8.956538
v 16.756504 21.774195 -8.956538
v 17.175797 -21.774195 -8.123547
v 17.175797 21.774195 -8.123547
v 17.553711 -21.774195 -7.270986
v 17.553711 21.774195 -7.270986
v 17.889338 -21.774195 -6.400908
v 17.889338 21.774195 -6.400908
v 18.181868 -21.774195 -5.515409
v 18.181868 21.774195 -5.515409
v 18.430593 -21.774195 -4.616624
v 18.430593 21.774195 -4.616624
v 18.634920 -21.774195 -3.706716
v 18.634920 21.774195 -3.706716
v 18.794353 -21.774195 -2.787879
v 18.794353 21.774195 -2.787879
v 18.908510 -21.774195 -1.862326
v 18.908510 21.774195 -1.862326
v 18.977114 -21.774195 -0.932286
v 18.977114 21.774195 -0.932286
v 19.000000 -21.774195 0.000000
v 19.000000 21.774195 0.000000
v 18.977114 -21.774195 0.932286
v 18.977114 21.774195 0.932286
v 18.908510 -21.774195 1.862326
v 18.908510 21.774195 1.862326
v 18.794353 -21.774195 2.787879
v 18.794353 21.774195 2.787879
v 18.634920 -21.774195 3.706716
v 18.634920 21.774195 3.706716
v 18.430593 -21.774195 4.616624
v 18.430593 21.774195 4.616624
v 18.181868 -21.774195 5.515409
v 18.181868 21.774195 5.515409
v 17.889338 -21.774195 6.400908
v 17.889338 21.774195 6.400908
v 17.553711 -21.774195 7.270986
v 17.553711 21.774195 7.270986
v 17.175797 -21.774195 8.123547
v 17.175797 21.774195 8.123547
v 16.756504 -21.774195 8.956538
v 16.756504 21.774195 8.956538
v 16.296843 -21.774195 9.767952
v 16.296843 21.774195 9.767952
v 15.797922 -21.774195 10.555835
v 15.797922 21.774195 10.555835
v 15.260942 -21.774195 11.318287
v 15.260942 21.774195 11.318287
v 14.687199 -21.774195 12.053473
v 14.687199 21.774195 12.053473
v 14.078072 -21.774195 12.759621
v 14.078072 21.774195 12.759621
v 13.435029 -21.774195 13.435029
v 13.435029 21.774195 13.435029
v 12.759621 -21.774195 14.078072
v 12.759621 21.774195 14.078072
v 12.053473 -21.774195 14.687199
v 12.053473 21.774195 14.687199
v 11.318287 -21.774195 15.260942
v 11.318287 21.774195 15.260942
v 10.555835 -21.774195 15.797922
v 10.555835 21.774195 15.797922
v 9.767952 -21.774195 16.296843
v 9.767952 21.774195 16.296843
v 8.956538 -21.774195 16.756504
v 8.956538 21.774195 16.756504
v 8.123547 -21.774195 17.175797
v 8.123547 21.774195 17.175797
v 7.270986 -21.774195 17.553711
v 7.270986 21.774195 17.553711
v 6.400908 -21.774195 17.889338
v 6.400908 21.774195 17.889338
v 5.515409 -21.774195 18.181868
v 5.515409 21.774195 18.181868
v 4.616624 -21.774195 18.430593
v 4.616624 21.774195 18.430593
v 3.706716 -21.774195 18.634920
v 3.706716 21.774195 18.634920
v 2.787879 -21.774195 18.794353
v 2.787879 21.774195 18.794353
v 1.862326 -21.774195 18.908510
v 1.862326 21.774195 18.908510
v 0.932286 -21.774195 18.977114
v 0.932286 21.774195 18.977114
v 0.000000 -21.774195 19.000000
v 0.000000 21.774195 19.000000
v -0.932286 -21.774195 18.977114
v -0.932286 21.774195 18.977114
v -1.862326 -21.774195 18.908510
v -1.862326 21.774195 18.908510
v -2.787879 -21.774195 18.794353
v -2.787879 21.774195 18.794353
v -3.706716 -21.774195 18.634920
v -3.706716 21.774195 18.634920
v -4.616624 -21.774195 18.430593
v -4.616624 21.774195 18.430593
v -5.515409 -21.774195 18.181868
v -5.515409 21.774195 18.181868
v -6.400908 -21.774195 17.889338
v -6.400908 21.774195 17.889338
v -7.270986 -21.774195 17.553711
v -7.270986 21.774195 17.553711
v -8.123547 -21.774195 17.175797
v -8.123547 21.774195 17.175797
v -8.956538 -21.774195 16.756504
v -8.956538 21.774195 16.756504
v -9.767952 -21.774195 16.296843
v -9.767952 21.774195 16.296843
v -10.555835 -21.774195 15.797922
v -10.555835 21.774195 15.797922
v -11.318287 -21.774195 15.260942
v -11.318287 21.774195 15.260942
v -12.053473 -21.774195 14.687199
v -12.053473 21.774195 14.687199
v -12.759621 -21.774195 14.078072
v -12.759621 21.774195 14.078072
v -13.435029 -21.774195 13.435029
v -13.435029 21.774195 13.435029
v -14.078072 -21.774195 12.759621
v -14.078072 21.774195 12.759621
v -14.687199 -21.774195 12.053473
v -14.687199 21.774195 12.053473
v -15.260942 -21.774195 11.318287
v -15.260942 21.774195 11.318287
v -15.797922 -21.774195 10.555835
v -15.797922 21.774195 10.555835
v -16.296843 -21.774195 9.767952
v -16.296843 21.774195 9.767952
v -16.756504 -21.774195 8.956538
v -16.756504 21.774195 8.956538
v -17.175797 -21.774195 8.123547
v -17.175797 21.774195 8.123547
v -17.553711 -21.774195 7.270986
v -17.553711 21.774195 7.270986
v -17.889338 -21.774195 6.400908
v -17.889338 21.774195 6.400908
v -18.181868 -21.774195 5.515409
v -18.181868 21.774195 5.515409
v -18.430593 -21.774195 4.616624
v -18.430593 21.774195 4.616624
v -18.634920 -21.774195 3.706716
v -18.634920 21.774195 3.706716
v -18.794353 -21.774195 2.787879
v -18.794353 21.774195 2.787879
v -18.908510 -21.774195 1.862326
v -18.908510 21.774195 1.862326
v -18.977114 -21.774195 0.932286
v -18.977114 21.774195 0.932286
v -19.000000 -21.774195 0.000000
v -19.000000 21.774195 0.000000
v -18.977114 -21.774195 -0.932286
v -18.977114 21.774195 -0.932286
v -18.908510 -21.774195 -1.862326
v -18.908510 21.774195 -1.862326
v -18.794353 -21.774195 -2.787879
v -18.794353 21.774195 -2.787879
v -18.634920 -21.774195 -3.706716
v -18.634920 21.774195 -3.706716
v -18.430593 -21.774195 -4.616624
v -18.430593 21.774195 -4.616624
v -18.181868 -21.774195 -5.515409
v -18.181868 21.774195 -5.515409
v -17.889338 -21.774195 -6.400908
v -17.889338 21.774195 -6.400908
v -17.553711 -21.774195 -7.270986
v -17.553711 21.774195 -7.270986
v -17.175797 -21.774195 -8.123547
v -17.175797 21.774195 -8.123547
v -16.756504 -21.774195 -8.956538
v -16.756504 21.774195 -8.956538
v -16.296843 -21.774195 -9.767952
v -16.296843 21.774195 -9.767952
v -15.797922 -21.774195 -10.555835
v -15.797922 21.774195 -10.555835
v -15.260942 -21.774195 -11.318287
v -15.260942 21.774195 -11.318287
v -14.687199 -21.774195 -12.053473
v -14.687199 21.774195 -12.053473
v -14.078072 -21.774195 -12.759621
v -14.078072 21.774195 -12.759621
v -13.435029 -21.774195 -13.435029
v -13.435029 21.774195 -13.435029
v -12.759621 -21.774195 -14.078072
v -12.759621 21.774195 -14.078072
v -12.053473 -21.774195 -14.687199
v -12.053473 21.774195 -14.687199
v -11.318287 -21.774195 -15.260942
v -11.318287 21.774195 -15.260942
v -10.555835 -21.774195 -15.797922
v -10.555835 21.774195 -15.797922
v -9.767952 -21.774195 -16.296843
v -9.767952 21.774195 -16.296843
v -8.956538 -21.774195 -16.756504
v -8.956538 21.774195 -16.756504
v -8.123547 -21.774195 -17.175797
v -8.123547 21.774195 -17.175797
v -7.270986 -21.774195 -17.553711
v -7.270986 21.774195 -17.553711
v -6.400908 -21.774195 -17.889338
v -6.400908 21.774195 -17.889338
v -5.515409 -21.774195 -18.181868
v -5.515409 21.774195 -18.181868
v -4.616624 -21.774195 -18.430593
v -4.616624 21.774195 -18.430593
v -3.706716 -21.774195 -18.634920
v -3.706716 21.774195 -18.634920
v -2.787879 -21.774195 -18.794353
v -2.787879 21.774195 -18.794353
v -1.862326 -21.774195 -18.908510
v -1.862326 21.774195 -18.908510
v -0.932286 -21.774195 -18.977114
v -0.932286 21.774195 -18.977114
v 0.000000 -23.221670 -20.999557
v 1.030421 -23.221670 -20.974262
v 2.058360 -23.221670 -20.898438
v 3.081340 -23.221670 -20.772264
v 4.096897 -23.221670 -20.596048
v 5.102584 -23.221670 -20.370214
v 6.095978 -23.221670 -20.095304
v 7.074687 -23.221670 -19.771982
v 8.036352 -23.221670 -19.401028
v 8.978657 -23.221670 -18.983334
v 9.899332 -23.221670 -18.519903
v 10.796158 -23.221670 -18.011858
v 11.666975 -23.221670 -17.460419
v 12.509686 -23.221670 -16.866915
v 13.322260 -23.221670 -16.232777
v 14.102738 -23.221670 -15.559532
v 14.849242 -23.221670 -14.848801
v 15.559974 -23.221670 -14.102297
v 16.233219 -23.221670 -13.321818
v 16.867357 -23.221670 -12.509244
v 17.460861 -23.221670 -11.666533
v 18.012300 -23.221670 -10.795716
v 18.520346 -23.221670 -9.898890
v 18.983776 -23.221670 -8.978215
v 19.401470 -23.221670 -8.035911
v 19.772425 -23.221670 -7.074245
v 20.095747 -23.221670 -6.095536
v 20.370657 -23.221670 -5.102142
v 20.596491 -23.221670 -4.096455
v 20.772707 -23.221670 -3.080898
v 20.898880 -23.221670 -2.057918
v 20.974705 -23.221670 -1.029979
v 21.000000 -23.221670 0.000442
v 20.974705 -23.221670 1.030863
v 20.898880 -23.221670 2.058802
v 20.772707 -23.221670 3.081782
v 20.596491 -23.221670 4.097339
v 20.370657 -23.221670 5.103026
v 20.095747 -23.221670 6.096420
v 19.772425 -23.221670 7.075129
v 19.401470 -23.221670 8.036794
v 18.983776 -23.221670 8.979098
v 18.520346 -23.221670 9.899774
v 18.012300 -23.221670 10.796599
v 17.460861 -23.221670 11.667417
v 16.867357 -23.221670 12.510127
v 16.233219 -23.221670 13.322701
v 15.559974 -23.221670 14.103180
v 14.849242 -23.221670 14.849684
v 14.102738 -23.221670 15.560415
v 13.322260 -23.221670 16.233662
v 12.509686 -23.221670 16.867800
v 11.666975 -23.221670 17.461304
v 10.796158 -23.221670 18.012743
v 9.899332 -23.221670 18.520788
v 8.978657 -23.221670 18.984219
v 8.036352 -23.221670 19.401913
v 7.074687 -23.221670 19.772867
v 6.095978 -23.221670 20.096189
v 5.102584 -23.221670 20.371099
v 4.096897 -23.221670 20.596933
v 3.081340 -23.221670 20.773149
v 2.058360 -23.221670 20.899323
v 1.030421 -23.221670 20.975147
v 0.000000 -23.221670 21.000443
v -1.030421 -23.221670 20.975147
v -2.058360 -23.221670 20.899323
v -3.081340 -23.221670 20.773149
v -4.096897 -23.221670 20.596933
v -5.102584 -23.221670 20.371099
v -6.095978 -23.221670 20.096189
v -7.074687 -23.221670 19.772867
v -8.036352 -23.221670 19.401913
v -8.978657 -23.221670 18.984219
v -9.899332 -23.221670 18.520788
v -10.796158 -23.221670 18.012743
v -11.666975 -23.221670 17.461304
v -12.509686 -23.221670 16.867800
v -13.322260 -23.221670 16.233662
v -14.102738 -23.221670 15.560415
v -14.849242 -23.221670 14.849684
v -15.559974 -23.221670 14.103180
v -16.233219 -23.221670 13.322701
v -16.867357 -23.221670 12.510127
v -17.460861 -23.221670 11.667417
v -17.460861 -23.221670 -11.666533
v -16.867357 -23.221670 -12.509244
v -16.233219 -23.221670 -13.321818
v -15.559974 -23.221670 -14.102297
v -14.849242 -23.221670 -14.848801
v -14.102738 -23.221670 -15.559532
v -13.322260 -23.221670 -16.232777
v -12.509686 -23.221670 -16.866915
v -11.666975 -23.221670 -17.460419
v -10.796158 -23.221670 -18.011858
v -9.899332 -23.221670 -18.519903
v -8.978657 -23.221670 -18.983334
v -8.036352 -23.221670 -19.401028
v -7.074687 -23.221670 -19.771982
v -6.095978 -23.221670 -20.095304
v -5.102584 -23.221670 -20.370214
v -4.096897 -23.221670 -20.596048
v -3.081340 -23.221670 -20.772264
v -2.058360 -23.221670 -20.898438
v -1.030421 -23.221670 -20.974262
v 8.961969 -21.774195 0.292636
v 8.945838 -21.774195 -0.364470
v 8.990791 -21.774195 0.000000
v 8.974556 -21.774195 0.220096
v 8.974556 -21.774195 -0.220096
v 8.945838 -21.774195 0.364470
v 8.961969 -21.774195 -0.292635
v 8.983568 -21.774195 -0.147026
v 8.983568 -21.774195 0.147026
v 8.988984 -21.774195 0.073602
v 8.926202 -21.774195 0.435427
v 8.926202 -21.774195 -0.435427
v 8.988984 -21.774195 -0.073602
v 8.737995 -21.774195 -0.833355
v 8.777384 -21.774195 -0.771154
v 8.695602 -21.774195 -0.893549
v 8.602218 -21.774195 -1.007339
v 8.650307 -21.774195 -0.951590
v 8.876611 -21.774195 0.574025
v 8.903107 -21.774195 0.505335
v 8.876611 -21.774195 -0.574025
v 8.813673 -21.774195 0.707095
v 8.777384 -21.774195 0.771154
v 8.695602 -21.774195 0.893549
v 8.650307 -21.774195 0.951590
v 8.813673 -21.774195 -0.707095
v 8.737995 -21.774195 0.833355
v 8.846775 -21.774195 0.641333
v 8.846775 -21.774195 -0.641333
v 8.903107 -21.774195 -0.505335
v 8.602218 -21.774195 1.007339
v 8.551451 -21.774195 1.060660
v 8.498130 -21.774195 1.111427
v 8.197886 -21.774195 -1.322882
v 8.384340 -21.774195 -1.204811
v 8.442381 -21.774195 1.159516
v 8.551451 -21.774195 -1.060660
v 8.324146 -21.774195 -1.247205
v 8.261946 -21.774195 1.286593
v 8.384340 -21.774195 1.204811
v 8.261946 -21.774195 -1.286593
v 8.442381 -21.774195 -1.159516
v 8.498130 -21.774195 -1.111427
v 8.132124 -21.774195 1.355984
v 8.197886 -21.774195 1.322882
v 8.132124 -21.774195 -1.355984
v 8.324146 -21.774195 1.247205
v 7.783426 -21.774195 -1.471178
v 7.855261 -21.774195 1.455047
v 7.783426 -21.774195 1.471178
v 7.490791 -21.774195 1.500000
v 7.855261 -21.774195 -1.455047
v 7.710886 -21.774195 1.483765
v 7.637816 -21.774195 1.492777
v 8.064816 -21.774195 1.385819
v 7.926218 -21.774195 1.435411
v 7.710886 -21.774195 -1.483765
v 7.564393 -21.774195 -1.498193
v 7.490791 -21.774195 -1.500000
v 7.996126 -21.774195 1.412316
v 8.064816 -21.774195 -1.385819
v 7.637816 -21.774195 -1.492777
v 7.564393 -21.774195 1.498193
v 7.996126 -21.774195 -1.412316
v 7.926218 -21.774195 -1.435411
v 7.198155 -21.774195 1.471178
v 7.417190 -21.774195 -1.498193
v 7.055364 -21.774195 1.435411
v 7.270695 -21.774195 1.483765
v 6.985456 -21.774195 -1.412316
v 7.126321 -21.774195 -1.455047
v 7.270695 -21.774195 -1.483765
v 7.343765 -21.774195 1.492777
v 7.198155 -21.774195 -1.471178
v 7.417190 -21.774195 1.498193
v 7.055364 -21.774195 -1.435411
v 7.126321 -21.774195 1.455047
v 7.343765 -21.774195 -1.492777
v 6.783696 -21.774195 1.322882
v 6.657435 -21.774195 -1.247205
v 6.483452 -21.774195 -1.111427
v 6.719637 -21.774195 1.286593
v 6.483452 -21.774195 1.111427
v 6.430131 -21.774195 -1.060660
v 6.985456 -21.774195 1.412316
v 6.849458 -21.774195 -1.355984
v 6.849458 -21.774195 1.355984
v 6.916766 -21.774195 -1.385819
v 6.916766 -21.774195 1.385819
v 6.539201 -21.774195 1.159516
v 6.597242 -21.774195 1.204811
v 6.657435 -21.774195 1.247205
v 6.597242 -21.774195 -1.204811
v 6.783696 -21.774195 -1.322882
v 6.719637 -21.774195 -1.286593
v 6.539201 -21.774195 -1.159516
v 6.007026 -21.774195 -0.220096
v 6.019613 -21.774195 -0.292635
v 6.104971 -21.774195 0.574025
v 6.078475 -21.774195 -0.505335
v 6.204198 -21.774195 -0.771154
v 6.167909 -21.774195 -0.707095
v 6.055380 -21.774195 -0.435427
v 6.134807 -21.774195 -0.641333
v 6.055380 -21.774195 0.435427
v 6.035744 -21.774195 0.364470
v 5.998014 -21.774195 0.147026
v 5.992598 -21.774195 0.073602
v 6.019613 -21.774195 0.292636
v 6.078475 -21.774195 0.505335
v 6.331275 -21.774195 -0.951590
v 6.285980 -21.774195 -0.893549
v 6.243587 -21.774195 -0.833355
v 5.998014 -21.774195 -0.147026
v 6.007026 -21.774195 0.220096
v 5.992598 -21.774195 -0.073602
v 6.104971 -21.774195 -0.574025
v 6.035744 -21.774195 -0.364470
v 6.379364 -21.774195 1.007339
v 6.430131 -21.774195 1.060660
v 6.204198 -21.774195 0.771154
v 6.134807 -21.774195 0.641333
v 6.167909 -21.774195 0.707095
v 6.331275 -21.774195 0.951590
v 6.285980 -21.774195 0.893549
v 6.379364 -21.774195 -1.007339
v 6.243587 -21.774195 0.833355
v 5.990791 -21.774195 0.000000
v -5.992596 -21.774195 0.073602
v -5.990789 -21.774195 0.000000
v -5.992596 -21.774195 -0.073602
v -5.998012 -21.774195 -0.147026
v -5.998012 -21.774195 0.147026
v -6.007024 -21.774195 0.220096
v -6.007024 -21.774195 -0.220096
v -6.019611 -21.774195 0.292636
v -6.019611 -21.774195 -0.292636
v -6.035742 -21.774195 0.364470
v -6.055378 -21.774195 -0.435427
v -6.035742 -21.774195 -0.364470
v -6.204196 -21.774195 -0.771154
v -6.167907 -21.774195 -0.707095
v -6.134805 -21.774195 0.641333
v -6.379363 -21.774195 -1.007339
v -6.167907 -21.774195 0.707095
v -6.331274 -21.774195 -0.951590
v -6.078473 -21.774195 -0.505335
v -6.055378 -21.774195 0.435427
v -6.134805 -21.774195 -0.641333
v -6.104970 -21.774195 -0.574025
v -6.204196 -21.774195 0.771154
v -6.285978 -21.774195 0.893549
v -6.285978 -21.774195 -0.893549
v -6.243585 -21.774195 0.833355
v -6.104970 -21.774195 0.574025
v -6.078473 -21.774195 0.505335
v -6.243585 -21.774195 -0.833355
v -6.331274 -21.774195 0.951590
v -6.539199 -21.774195 1.159516
v -6.597240 -21.774195 -1.204811
v -6.430129 -21.774195 1.060660
v -6.483451 -21.774195 1.111427
v -6.379363 -21.774195 1.007339
v -6.719635 -21.774195 -1.286593
v -6.597240 -21.774195 1.204811
v -6.657434 -21.774195 1.247205
v -6.483451 -21.774195 -1.111427
v -6.539199 -21.774195 -1.159516
v -6.430129 -21.774195 -1.060660
v -6.719635 -21.774195 1.286593
v -6.783694 -21.774195 -1.322882
v -6.657434 -21.774195 -1.247205
v -6.783694 -21.774195 1.322882
v -7.055362 -21.774195 -1.435411
v -6.985455 -21.774195 -1.412316
v -7.343763 -21.774195 -1.492777
v -7.198154 -21.774195 1.471178
v -6.849457 -21.774195 1.355984
v -7.126319 -21.774195 1.455047
v -6.849457 -21.774195 -1.355984
v -7.270694 -21.774195 -1.483765
v -7.270694 -21.774195 1.483765
v -7.343763 -21.774195 1.492777
v -7.126319 -21.774195 -1.455047
v -7.198154 -21.774195 -1.471178
v -7.055362 -21.774195 1.435411
v -6.916764 -21.774195 1.385819
v -6.985455 -21.774195 1.412316
v -6.916764 -21.774195 -1.385819
v -7.417188 -21.774195 -1.498193
v -7.710885 -21.774195 -1.483765
v -7.996124 -21.774195 1.412316
v -7.637815 -21.774195 -1.492777
v -7.926216 -21.774195 1.435411
v -7.710885 -21.774195 1.483765
v -7.637815 -21.774195 1.492777
v -7.490789 -21.774195 1.500000
v -7.417188 -21.774195 1.498193
v -7.783425 -21.774195 -1.471178
v -7.855259 -21.774195 1.455047
v -7.783425 -21.774195 1.471178
v -7.564391 -21.774195 1.498193
v -7.490789 -21.774195 -1.500000
v -7.855259 -21.774195 -1.455047
v -7.926216 -21.774195 -1.435411
v -7.564391 -21.774195 -1.498193
v -8.261944 -21.774195 -1.286593
v -8.442379 -21.774195 -1.159516
v -8.197885 -21.774195 1.322882
v -8.064815 -21.774195 -1.385819
v -8.132122 -21.774195 -1.355984
v -8.442379 -21.774195 1.159516
v -8.384338 -21.774195 1.204811
v -8.384338 -21.774195 -1.204811
v -8.324144 -21.774195 1.247205
v -8.261944 -21.774195 1.286593
v -7.996124 -21.774195 -1.412316
v -8.064815 -21.774195 1.385819
v -8.132122 -21.774195 1.355984
v -8.324144 -21.774195 -1.247205
v -8.498128 -21.774195 1.111427
v -8.197885 -21.774195 -1.322882
v -8.777382 -21.774195 0.771154
v -8.737994 -21.774195 0.833355
v -8.695601 -21.774195 -0.893549
v -8.650305 -21.774195 0.951590
v -8.498128 -21.774195 -1.111427
v -8.551450 -21.774195 1.060660
v -8.813671 -21.774195 0.707095
v -8.777382 -21.774195 -0.771154
v -8.737994 -21.774195 -0.833355
v -8.602216 -21.774195 1.007339
v -8.650305 -21.774195 -0.951590
v -8.602216 -21.774195 -1.007339
v -8.813671 -21.774195 -0.707095
v -8.551450 -21.774195 -1.060660
v -8.695601 -21.774195 0.893549
v -8.846773 -21.774195 0.641333
v -8.876609 -21.774195 0.574025
v -8.903105 -21.774195 0.505335
v -8.983566 -21.774195 -0.147026
v -8.903105 -21.774195 -0.505335
v -8.876609 -21.774195 -0.574025
v -8.974554 -21.774195 -0.220096
v -8.988982 -21.774195 0.073602
v -8.990789 -21.774195 0.000000
v -8.961967 -21.774195 0.292636
v -8.945836 -21.774195 0.364470
v -8.983566 -21.774195 0.147026
v -8.988982 -21.774195 -0.073602
v -8.961967 -21.774195 -0.292636
v -8.926200 -21.774195 -0.435427
v -8.945836 -21.774195 -0.364470
v -8.974554 -21.774195 0.220096
v -8.926200 -21.774195 0.435427
v -8.846773 -21.774195 -0.641333
v -7.500531 -18.774195 -4.038154
v -10.997942 -18.774195 -2.018924
v -4.003122 -18.774193 -2.018924
v -4.003122 -18.774195 2.019537
v -7.488131 -18.774195 4.031610
v -10.997942 -18.774195 2.019537
v 4.003121 -18.774193 -2.019231
v 7.488132 -18.774195 -4.031303
v 10.997942 -18.774195 -2.019231
v 5.230815 -21.770000 1.068888
v 10.997942 -18.774195 2.019231
v 7.488132 -18.774195 4.031303
v 4.003121 -18.774195 2.019231
v -7.500531 -21.774195 -4.038155
v -10.997942 -21.774195 -2.018924
v -4.003122 -21.774193 -2.018924
v -4.003122 -21.774195 2.019537
v -7.488131 -21.774195 4.031609
v -10.997942 -21.774195 2.019537
v -1.470259 21.765766 -14.927772
v -0.736016 21.765766 -14.981933
v -0.000001 21.765766 -15.000001
v -5.053349 21.765766 -14.123163
v -3.644705 21.765766 -14.550469
v -2.926355 21.765766 -14.711781
v -2.200959 21.765766 -14.837648
v 2.200955 21.765766 -14.837647
v 2.926353 21.765766 -14.711779
v 3.644701 21.765766 -14.550468
v -5.053349 21.765766 14.123159
v -4.354271 21.765766 14.354104
v -0.736015 21.765766 14.981931
v 0.000000 21.765766 14.999999
v 0.736015 21.765766 14.981931
v 2.200957 21.765766 14.837646
v 4.354269 21.765766 14.354104
v -5.999999 17.754250 10.000001
v -5.999999 21.765766 10.000001
v 6.000001 17.754250 10.000001
v 6.000001 21.765766 10.000001
v 5.884713 17.754250 8.829457
v 4.988816 21.765766 6.666577
v 4.242639 21.765766 5.757360
v 3.333421 17.754250 5.011182
v 3.333421 21.765766 5.011182
v 2.296101 21.765766 4.456723
v 1.170541 17.754250 4.115289
v 1.170541 21.765766 4.115289
v -1.170543 17.754250 4.115289
v -2.296100 17.754250 4.456723
v -3.333423 17.754250 5.011182
v -3.333423 21.765766 5.011182
v -4.988818 17.754250 6.666577
v -6.000000 21.765766 -10.000006
v -6.000000 17.754250 -10.000006
v 1.170539 21.765766 -4.115294
v -1.170544 17.754250 -4.115294
v -3.333424 17.754250 -5.011187
v -3.333424 21.765766 -5.011187
v -4.242642 17.754250 -5.757364
v -4.988820 17.754250 -6.666582
v -5.543278 21.765766 -7.703905
v -5.884713 17.754250 -8.829462
v -5.884713 21.765766 -8.829462
v -5.740253 17.765766 -13.858192
v 5.740251 17.765766 -13.858194
v -4.354271 17.765766 -14.354106
v 0.736013 17.765766 -14.981933
v 1.470256 17.765766 -14.927773
v 4.354269 17.765766 -14.354106
v 5.053347 17.765766 -14.123161
v -1.470259 17.765766 -14.927772
v -0.736016 17.765766 -14.981933
v -0.000001 17.765766 -15.000001
v -5.053349 17.765766 -14.123163
v -3.644705 17.765766 -14.550469
v -2.926355 17.765766 -14.711781
v -2.200959 17.765766 -14.837648
v 2.200955 17.765766 -14.837647
v 2.926353 17.765766 -14.711779
v 3.644701 17.765766 -14.550468
v -5.740252 17.765766 13.858192
v 5.740252 17.765766 13.858191
v 5.053349 17.765766 14.123161
v 3.644703 17.765766 14.550467
v 2.926355 17.765766 14.711779
v 1.470257 17.765766 14.927770
v -1.470257 17.765766 14.927771
v -2.200957 17.765766 14.837646
v -2.926355 17.765766 14.711777
v -3.644703 17.765766 14.550468
v -5.053349 17.765766 14.123159
v -4.354271 17.765766 14.354104
v -0.736015 17.765766 14.981931
v 0.000000 17.765766 14.999999
v 0.736015 17.765766 14.981931
v 2.200957 17.765766 14.837646
v 4.354269 17.765766 14.354104
v -15.000001 17.765766 0.000000
v -14.981933 17.765766 -0.736015
v -14.927773 17.765766 -1.470258
v -14.837647 17.765766 -2.200957
v -14.711779 17.765766 -2.926355
v -14.550468 17.765766 -3.644703
v -14.354106 17.765766 -4.354271
v -14.123161 17.765766 -5.053349
v -13.858194 17.765766 -5.740252
v -13.559841 17.765766 -6.413327
v -13.228819 17.765766 -7.070951
v -12.865930 17.765766 -7.711542
v -12.472046 17.765766 -8.333553
v -12.048115 17.765766 -8.935490
v -11.595158 17.765766 -9.515900
v -11.114268 17.765766 -10.073384
v -10.606602 17.765766 -10.606603
v -10.073386 17.765766 -11.114267
v -9.515901 17.765766 -11.595158
v -8.935492 17.765766 -12.048114
v -8.333555 17.765766 -12.472045
v -7.711542 17.765766 -12.865930
v -7.070951 17.765766 -13.228820
v -6.413328 17.765766 -13.559840
v 6.413325 17.765766 -13.559841
v 7.070950 17.765766 -13.228819
v 7.711540 17.765766 -12.865930
v 8.333551 17.765766 -12.472046
v 8.935488 17.765766 -12.048115
v 9.515898 17.765766 -11.595158
v 10.073382 17.765766 -11.114268
v 10.606601 17.765766 -10.606602
v 11.114265 17.765766 -10.073386
v 11.595156 17.765766 -9.515901
v 12.048112 17.765766 -8.935492
v 12.472043 17.765766 -8.333555
v 12.865928 17.765766 -7.711542
v 13.228818 17.765766 -7.070951
v 13.559838 17.765766 -6.413328
v 13.858191 17.765766 -5.740253
v 14.123161 17.765766 -5.053349
v 14.354104 17.765766 -4.354271
v 14.550467 17.765766 -3.644705
v 14.711779 17.765766 -2.926355
v 14.837646 17.765766 -2.200959
v 14.927770 17.765766 -1.470259
v 14.981931 17.765766 -0.736016
v 14.999999 17.765766 -0.000002
v 14.981931 17.765766 0.736013
v 14.927771 17.765766 1.470256
v 14.837646 17.765766 2.200955
v 14.711777 17.765766 2.926353
v 14.550468 17.765766 3.644701
v 14.354104 17.765766 4.354269
v 14.123159 17.765766 5.053347
v 13.858192 17.765766 5.740251
v 13.559837 17.765766 6.413325
v 13.228817 17.765766 7.070950
v 12.865928 17.765766 7.711540
v 12.472042 17.765766 8.333551
v 12.048111 17.765766 8.935488
v 11.595156 17.765766 9.515898
v 11.114264 17.765766 10.073382
v 10.606602 17.765766 10.606601
v 10.073384 17.765766 11.114265
v 9.515901 17.765766 11.595156
v 8.935490 17.765766 12.048112
v 8.333553 17.765766 12.472043
v 7.711540 17.765766 12.865928
v 7.070951 17.765766 13.228818
v 6.413326 17.765766 13.559838
v -6.413327 17.765766 13.559837
v -7.070951 17.765766 13.228817
v -7.711542 17.765766 12.865928
v -8.333553 17.765766 12.472042
v -8.935490 17.765766 12.048111
v -9.515900 17.765766 11.595156
v -10.073384 17.765766 11.114264
v -10.606603 17.765766 10.606602
v -11.114267 17.765766 10.073384
v -11.595158 17.765766 9.515901
v -12.048114 17.765766 8.935490
v -12.472045 17.765766 8.333553
v -12.865930 17.765766 7.711540
v -13.228820 17.765766 7.070951
v -13.559840 17.765766 6.413326
v -13.858192 17.765766 5.740252
v -14.123163 17.765766 5.053349
v -14.354106 17.765766 4.354269
v -14.550469 17.765766 3.644703
v -14.711781 17.765766 2.926355
v -14.837648 17.765766 2.200957
v -14.927772 17.765766 1.470257
v -14.981933 17.765766 0.736015
v -17.000000 17.765766 0.000000
v -16.979523 17.765766 -0.834150
v -16.918140 17.765766 -1.666291
v -16.816000 17.765766 -2.494418
v -16.673349 17.765766 -3.316536
v -16.490532 17.765766 -4.130663
v -16.267986 17.765766 -4.934839
v -16.006248 17.765766 -5.727128
v -15.705952 17.765766 -6.505619
v -15.367821 17.765766 -7.268436
v -14.992661 17.765766 -8.013744
v -14.581388 17.765766 -8.739747
v -14.134983 17.765766 -9.444695
v -13.654530 17.765766 -10.126888
v -13.141178 17.765766 -10.784687
v -12.596171 17.765766 -11.416503
v -12.020817 17.765766 -12.020815
v -11.416505 17.765766 -12.596169
v -10.784688 17.765766 -13.141178
v -10.126890 17.765766 -13.654529
v -9.444696 17.765766 -14.134984
v -8.739750 17.765766 -14.581388
v -8.013746 17.765766 -14.992661
v -7.268438 17.765766 -15.367820
v -6.505619 17.765766 -15.705954
v -5.727129 17.765766 -16.006248
v -4.934841 17.765766 -16.267986
v -4.130665 17.765766 -16.490532
v -3.316538 17.765766 -16.673349
v -2.494419 17.765766 -16.816000
v -1.666292 17.765766 -16.918140
v -0.834152 17.765766 -16.979523
v -0.000002 17.765766 -17.000000
v 0.834148 17.765766 -16.979523
v 1.666290 17.765766 -16.918140
v 2.494416 17.765766 -16.816000
v 3.316534 17.765766 -16.673349
v 4.130661 17.765766 -16.490532
v 4.934837 17.765766 -16.267986
v 5.727126 17.765766 -16.006248
v 6.505617 17.765766 -15.705952
v 7.268435 17.765766 -15.367821
v 8.013742 17.765766 -14.992661
v 8.739745 17.765766 -14.581388
v 9.444693 17.765766 -14.134983
v 10.126886 17.765766 -13.654530
v 10.784685 17.765766 -13.141178
v 11.416501 17.765766 -12.596171
v 12.020813 17.765766 -12.020817
v 12.596168 17.765766 -11.416505
v 13.141176 17.765766 -10.784688
v 13.654527 17.765766 -10.126890
v 14.134982 17.765766 -9.444696
v 14.581386 17.765766 -8.739750
v 14.992660 17.765766 -8.013746
v 15.367818 17.765766 -7.268438
v 15.705952 17.765766 -6.505619
v 16.006248 17.765766 -5.727129
v 16.267986 17.765766 -4.934841
v 16.490532 17.765766 -4.130665
v 16.673349 17.765766 -3.316538
v 16.816000 17.765766 -2.494419
v 16.918140 17.765766 -1.666292
v 16.979523 17.765766 -0.834152
v 17.000000 17.765766 -0.000002
v 16.979523 17.765766 0.834148
v 16.918140 17.765766 1.666290
v 16.816000 17.765766 2.494416
v 16.673349 17.765766 3.316534
v 16.490532 17.765766 4.130661
v 16.267986 17.765766 4.934837
v 16.006248 17.765766 5.727126
v 15.705950 17.765766 6.505617
v 15.367817 17.765766 7.268435
v 14.992661 17.765766 8.013742
v 14.581386 17.765766 8.739745
v 14.134983 17.765766 9.444693
v 13.654526 17.765766 10.126886
v 13.141176 17.765766 10.784685
v 12.596169 17.765766 11.416501
v 12.020815 17.765766 12.020813
v 11.416503 17.765766 12.596168
v 10.784688 17.765766 13.141176
v 10.126888 17.765766 13.654527
v 9.444695 17.765766 14.134982
v 8.739746 17.765766 14.581386
v 8.013744 17.765766 14.992660
v 7.268436 17.765766 15.367818
v 6.505619 17.765766 15.705952
v 5.727127 17.765766 16.006248
v 4.934839 17.765766 16.267986
v 4.130663 17.765766 16.490532
v 3.316536 17.765766 16.673349
v 2.494417 17.765766 16.816000
v 1.666292 17.765766 16.918140
v 0.834150 17.765766 16.979523
v 0.000000 17.765766 17.000000
v -0.834150 17.765766 16.979523
v -1.666291 17.765766 16.918140
v -2.494418 17.765766 16.816000
v -3.316536 17.765766 16.673349
v -4.130663 17.765766 16.490532
v -4.934839 17.765766 16.267986
v -5.727128 17.765766 16.006248
v -6.505619 17.765766 15.705950
v -7.268436 17.765766 15.367817
v -8.013744 17.765766 14.992661
v -8.739747 17.765766 14.581386
v -9.444695 17.765766 14.134983
v -10.126888 17.765766 13.654526
v -10.784687 17.765766 13.141176
v -11.416503 17.765766 12.596169
v -12.020815 17.765766 12.020815
v -12.596169 17.765766 11.416503
v -13.141178 17.765766 10.784688
v -13.654529 17.765766 10.126888
v -14.134984 17.765766 9.444695
v -14.581388 17.765766 8.739746
v -14.992661 17.765766 8.013744
v -15.367820 17.765766 7.268436
v -15.705954 17.765766 6.505619
v -16.006248 17.765766 5.727127
v -16.267986 17.765766 4.934839
v -16.490532 17.765766 4.130663
v -16.673349 17.765766 3.316536
v -16.816000 17.765766 2.494417
v -16.918140 17.765766 1.666290
v -16.979523 17.765766 0.834150
v -17.909605 -23.221670 -10.957891
v -18.012300 -23.221670 -10.795716
v -18.520346 -23.221670 -9.898890
v -18.983776 -23.221670 -8.978215
v -19.401470 -23.221670 -8.035911
v -19.772425 -23.221670 -7.074245
v 15.083332 -23.221670 -2.957892
v 13.583332 -23.221670 -6.957891
v -17.856833 -23.221670 11.042109
v 13.583332 -23.221670 7.042109
v 15.083332 -23.221670 3.042108
v -18.012300 -23.221670 10.796599
v -18.520346 -23.221670 9.899774
v -18.983776 -23.221670 8.979098
v -19.401470 -23.221670 8.036794
v -19.772425 -23.221670 7.075129
v -20.095747 -23.221670 6.096420
v -20.370657 -23.221670 5.103026
v -20.110777 -23.221670 6.042109
v -20.596491 -23.221670 4.097339
v -20.772707 -23.221670 3.081782
v -20.898880 -23.221670 2.058802
v -20.974705 -23.221670 1.030863
v -21.000000 -23.221670 0.000442
v -20.974705 -23.221670 -1.029979
v -20.898880 -23.221670 -2.057918
v -20.772707 -23.221670 -3.080898
v -20.596491 -23.221670 -4.096455
v -20.370657 -23.221670 -5.102142
v -20.095747 -23.221670 -6.095536
v -19.976040 -23.221670 -6.457891
v -6.483451 -23.221670 1.111869
v -6.430129 -23.221670 1.061102
v 8.197886 -23.221670 -1.322440
v 8.132124 -23.221670 -1.355542
v 6.055380 -23.221670 -0.434985
v 6.035744 -23.221670 -0.364028
v -8.874207 -23.221670 -0.579002
v -8.903105 -23.221670 -0.504893
v -6.783694 -23.221670 -1.322440
v -6.849457 -23.221670 -1.355542
v -6.783694 -23.221670 1.323324
v -6.719635 -23.221670 1.287035
v -8.132122 -23.221670 1.356426
v -8.064815 -23.221670 1.386261
v -8.324144 -23.221670 -1.246763
v -8.384338 -23.221670 -1.204370
v -7.055362 -23.221670 -1.434969
v -7.126319 -23.221670 -1.454605
v -6.483451 -23.221670 -1.110985
v -6.539199 -23.221670 -1.159074
v 7.126321 -23.221670 -1.454605
v 7.083332 -23.221670 -1.442709
v 7.055364 -23.221670 -1.434969
v -6.597240 -23.221670 -1.204370
v -6.657434 -23.221670 -1.246763
v -8.132122 -23.221670 -1.355542
v -8.197885 -23.221670 -1.322440
v -6.331274 -23.221670 -0.951148
v -6.379363 -23.221670 -1.006897
v -6.078473 -23.221670 0.505777
v -6.055378 -23.221670 0.435869
v 6.483452 -23.221670 -1.110985
v 6.430131 -23.221670 -1.060218
v 8.983568 -23.221670 0.147468
v 8.988984 -23.221670 0.074043
v 8.945839 -23.221670 0.364912
v 8.961812 -23.221670 0.293776
v 8.903107 -23.221670 0.505777
v 8.926202 -23.221670 0.435869
v 6.379364 -23.221670 -1.006897
v 6.597242 -23.221670 1.205253
v 6.657435 -23.221670 1.247646
v 6.783696 -23.221670 1.323324
v 6.849459 -23.221670 1.356426
v 7.996127 -23.221670 -1.411874
v 7.926218 -23.221670 -1.434969
v -7.270694 -23.221670 -1.483323
v -7.343763 -23.221670 -1.492335
v 7.855261 -23.221670 -1.454605
v 8.988984 -23.221670 -0.073160
v 8.983568 -23.221670 -0.146584
v 8.197886 -23.221670 1.323324
v 8.261946 -23.221670 1.287035
v 8.602218 -23.221670 -1.006897
v 8.551451 -23.221670 -1.060218
v -6.430129 -23.221670 -1.060218
v 8.384340 -23.221670 -1.204370
v 8.324146 -23.221670 -1.246763
v 6.916766 -23.221670 -1.385378
v 6.849459 -23.221670 -1.355542
v -6.243585 -23.221670 0.833797
v -6.204196 -23.221670 0.771596
v -7.855259 -23.221670 1.455489
v -7.783425 -23.221670 1.471620
v -8.442379 -23.221670 -1.159074
v -8.498128 -23.221670 -1.110985
v -7.055362 -23.221670 1.435853
v -6.985455 -23.221670 1.412758
v -6.167907 -23.221670 -0.706653
v -6.204196 -23.221670 -0.770712
v 8.974556 -23.221670 0.220538
v -8.737994 -23.221670 0.833797
v -8.695601 -23.221670 0.893991
v 8.261946 -23.221670 -1.286151
v 8.064816 -23.221670 -1.385378
v -6.985455 -23.221670 -1.411874
v 8.926202 -23.221670 -0.434985
v 8.903107 -23.221670 -0.504893
v -6.035742 -23.221670 -0.364029
v -6.055378 -23.221670 -0.434985
v 6.167909 -23.221670 0.707537
v 6.204198 -23.221670 0.771596
v -7.637815 -23.221670 -1.492335
v -7.710885 -23.221670 -1.483323
v 8.990791 -23.221670 0.000442
v -8.926200 -23.221670 0.435869
v -8.903105 -23.221670 0.505777
v -8.650305 -23.221670 0.952032
v -8.602216 -23.221670 1.007780
v -8.974555 -23.221670 -0.219654
v -8.983567 -23.221670 -0.146584
v -8.777382 -23.221670 -0.770712
v -8.813671 -23.221670 -0.706653
v 8.777384 -23.221670 0.771596
v 8.813673 -23.221670 0.707537
v -7.564391 -23.221670 1.498635
v -7.490789 -23.221670 1.500442
v 8.961813 -23.221670 -0.292893
v 8.945838 -23.221670 -0.364028
v -7.490789 -23.221670 -1.499558
v -7.564391 -23.221670 -1.497751
v 6.078475 -23.221670 -0.504893
v -8.602216 -23.221670 -1.006897
v -8.650305 -23.221670 -0.951148
v -6.243585 -23.221670 -0.832914
v -6.285978 -23.221670 -0.893107
v 6.127084 -23.221670 -0.623470
v 6.104971 -23.221670 -0.573583
v -8.961967 -23.221670 -0.292194
v 8.064816 -23.221670 1.386261
v 8.132124 -23.221670 1.356426
v 7.926218 -23.221670 1.435853
v 7.996127 -23.221670 1.412758
v -8.551450 -23.221670 1.061102
v -8.511930 -23.221670 1.098729
v -8.551450 -23.221670 -1.060218
v -6.719635 -23.221670 -1.286151
v -8.988982 -23.221670 -0.073160
v -8.990789 -23.221670 0.000442
v 7.126321 -23.221670 1.455489
v 7.198155 -23.221670 1.471620
v -5.998099 -23.221670 -0.147295
v -6.007024 -23.221670 -0.219654
v 6.783696 -23.221670 -1.322440
v 6.719637 -23.221670 1.287035
v 7.270695 -23.221670 1.484207
v 7.343765 -23.221670 1.493219
v 6.285980 -23.221670 -0.893107
v 6.243587 -23.221670 -0.832914
v 6.078475 -23.221670 0.505777
v 6.104971 -23.221670 0.574467
v 6.020911 -23.221670 0.298860
v 6.035744 -23.221670 0.364912
v -8.442379 -23.221670 1.159958
v -8.384338 -23.221670 1.205253
v 8.974556 -23.221670 -0.219654
v -7.198154 -23.221670 -1.470736
v -6.167907 -23.221670 0.707537
v -6.127083 -23.221670 0.624353
v -6.020910 -23.221670 -0.297976
v -6.007024 -23.221670 0.220538
v -5.998099 -23.221670 0.148179
v 6.204198 -23.221670 -0.770712
v 6.167909 -23.221670 -0.706653
v 6.916766 -23.221670 1.386261
v 8.442381 -23.221670 1.159958
v 8.498130 -23.221670 1.111869
v -7.855259 -23.221670 -1.454605
v -7.926216 -23.221670 -1.434969
v 6.430131 -23.221670 1.061102
v 6.483452 -23.221670 1.111869
v -5.990789 -23.221670 0.000442
v -5.992596 -23.221670 -0.073160
v 6.331275 -23.221670 0.952032
v 6.379364 -23.221670 1.007780
v -6.916764 -23.221670 -1.385378
v 6.285980 -23.221670 0.893991
v 8.650307 -23.221670 -0.951148
v -7.710885 -23.221670 1.484207
v -7.637815 -23.221670 1.493219
v -6.104970 -23.221670 0.574467
v -7.996125 -23.221670 1.412758
v 7.564393 -23.221670 -1.497751
v 7.490791 -23.221670 -1.499558
v -7.783425 -23.221670 -1.470736
v -8.324144 -23.221670 1.247646
v -8.261944 -23.221670 1.287035
v -7.417188 -23.221670 -1.497751
v -8.945837 -23.221670 -0.364029
v -8.988982 -23.221670 0.074043
v -8.983566 -23.221670 0.147468
v -6.035742 -23.221670 0.364912
v -6.020909 -23.221670 0.298860
v 7.490791 -23.221670 1.500442
v 7.564393 -23.221670 1.498635
v -7.996125 -23.221670 -1.411874
v -8.695601 -23.221670 -0.893107
v 5.992598 -23.221670 -0.073160
v 5.990791 -23.221670 0.000442
v -8.926200 -23.221670 -0.434985
v 7.270695 -23.221670 -1.483323
v 7.198155 -23.221670 -1.470736
v 8.846775 -23.221670 -0.640891
v 8.813673 -23.221670 -0.706653
v 7.637816 -23.221670 -1.492335
v -8.846773 -23.221670 0.641774
v -8.813671 -23.221670 0.707537
v 6.020911 -23.221670 -0.297976
v 6.007026 -23.221670 -0.219654
v 8.442381 -23.221670 -1.159074
v 6.657435 -23.221670 -1.246763
v 6.597242 -23.221670 -1.204370
v -7.417188 -23.221670 1.498635
v -7.343763 -23.221670 1.493219
v -5.992596 -23.221670 0.074043
v -6.078473 -23.221670 -0.504893
v -6.104970 -23.221670 -0.573583
v -6.127083 -23.221670 -0.623470
v 7.710886 -23.221670 -1.483323
v -8.974554 -23.221670 0.220538
v 7.417190 -23.221670 -1.497751
v 6.055380 -23.221670 0.435869
v -8.961967 -23.221670 0.293077
v -8.945836 -23.221670 0.364912
v 6.539201 -23.221670 -1.159074
v 8.695602 -23.221670 -0.893107
v -7.926216 -23.221670 1.435853
v -8.064815 -23.221670 -1.385378
v -8.737994 -23.221670 -0.832914
v -6.379363 -23.221670 1.007780
v -6.331274 -23.221670 0.952032
v -8.874207 -23.221670 0.579885
v -6.597240 -23.221670 1.205253
v -6.539199 -23.221670 1.159958
v -8.777382 -23.221670 0.771596
v -8.261944 -23.221670 -1.286151
v 7.783426 -23.221670 -1.470736
v 5.998014 -23.221670 -0.146584
v 8.324146 -23.221670 1.247646
v -8.197885 -23.221670 1.323324
v 8.874209 -23.221670 0.579885
v -6.916764 -23.221670 1.386261
v -6.849457 -23.221670 1.356426
v 5.998014 -23.221670 0.147468
v 6.007026 -23.221670 0.220538
v 6.719637 -23.221670 -1.286151
v -6.285978 -23.221670 0.893991
v 7.637816 -23.221670 1.493219
v 8.737995 -23.221670 0.833797
v 6.331275 -23.221670 -0.951148
v 6.985456 -23.221670 1.412758
v 8.846775 -23.221670 0.641774
v 7.710886 -23.221670 1.484207
v 7.783426 -23.221670 1.471620
v 7.417190 -23.221670 1.498635
v 8.551451 -23.221670 1.061102
v 6.127085 -23.221670 0.624353
v -7.126319 -23.221670 1.455489
v 8.874208 -23.221670 -0.579002
v 7.855261 -23.221670 1.455489
v -6.657434 -23.221670 1.247646
v 5.992598 -23.221670 0.074043
v 7.055364 -23.221670 1.435853
v 7.343765 -23.221670 -1.492335
v 6.985456 -23.221670 -1.411874
v 8.498130 -23.221670 -1.110985
v 6.539201 -23.221670 1.159958
v 7.083332 -23.221670 1.443592
v -8.846773 -23.221670 -0.640891
v 8.384340 -23.221670 1.205253
v 8.695602 -23.221670 0.893991
v 6.243587 -23.221670 0.833797
v 8.602218 -23.221670 1.007780
v 8.650307 -23.221670 0.952032
v -7.270694 -23.221670 1.484207
v 8.737995 -23.221670 -0.832914
v -7.198154 -23.221670 1.471620
v 8.777384 -23.221670 -0.770712
v -0.000000 -25.221670 -20.999557
v 1.030421 -25.221670 -20.974262
v -4.096897 -25.221670 20.596933
v -5.102584 -25.221670 20.371099
v -0.000000 -25.221670 21.000443
v -1.030421 -25.221670 20.975147
v 4.096897 -25.221670 20.596933
v 3.081340 -25.221670 20.773149
v -1.030421 -25.221670 -20.974262
v 8.036352 -25.221670 19.401913
v 7.074687 -25.221670 19.772867
v -5.102584 -25.221670 -20.370214
v -4.096897 -25.221670 -20.596048
v 11.666975 -25.221670 17.461304
v 10.796158 -25.221670 18.012743
v -8.978657 -25.221670 -18.983334
v -8.036352 -25.221670 -19.401028
v 14.849242 -25.221670 14.849684
v 14.102738 -25.221670 15.560415
v -12.509686 -25.221670 -16.866915
v -11.666975 -25.221670 -17.460419
v 17.460861 -25.221670 11.667417
v 16.867357 -25.221670 12.510127
v -15.559974 -25.221670 -14.102297
v -14.849242 -25.221670 -14.848801
v 19.401470 -25.221670 8.036794
v 18.983776 -25.221670 8.979098
v 20.596491 -25.221670 4.097339
v 20.370657 -25.221670 5.103026
v 15.083332 -25.221670 0.000442
v 21.000000 -25.221670 0.000442
v 20.974705 -25.221670 1.030863
v 12.509686 -25.221670 16.867800
v 10.083332 -25.221670 11.042109
v 20.596491 -25.221670 -4.096455
v 20.772707 -25.221670 -3.080898
v 8.978657 -25.221670 18.984219
v 19.401470 -25.221670 -8.035911
v 19.772425 -25.221670 -7.074245
v 17.460861 -25.221670 -11.666533
v 18.012300 -25.221670 -10.795716
v 14.849242 -25.221670 -14.848801
v 15.559974 -25.221670 -14.102297
v 11.666975 -25.221670 -17.460419
v 12.509686 -25.221670 -16.866915
v 8.036352 -25.221670 -19.401028
v 8.978657 -25.221670 -18.983334
v 4.096897 -25.221670 -20.596048
v 5.102584 -25.221670 -20.370214
v -17.460861 -25.221670 11.667417
v -17.856833 -25.221670 11.042109
v -14.849242 -25.221670 14.849684
v -15.559974 -25.221670 14.103180
v -11.666975 -25.221670 17.461304
v -12.509686 -25.221670 16.867800
v -8.036352 -25.221670 19.401913
v -8.978657 -25.221670 18.984219
v 13.583332 -25.221670 7.042109
v 5.102584 -25.221670 20.371099
v 1.030421 -25.221670 20.975147
v -3.081340 -25.221670 20.773149
v -7.074687 -25.221670 19.772867
v -10.796158 -25.221670 18.012743
v 15.083332 -25.221670 3.042108
v -14.102738 -25.221670 15.560415
v -16.867357 -25.221670 12.510127
v 2.058360 -25.221670 -20.898438
v -6.095978 -25.221670 20.096189
v -2.058360 -25.221670 20.899323
v 2.058360 -25.221670 20.899323
v 6.095978 -25.221670 20.096189
v -3.081340 -25.221670 -20.772264
v 9.899332 -25.221670 18.520788
v -7.074687 -25.221670 -19.771982
v 13.322260 -25.221670 16.233662
v -10.796158 -25.221670 -18.011858
v 16.233219 -25.221670 13.322701
v -14.102738 -25.221670 -15.559532
v 18.520346 -25.221670 9.899774
v -17.460861 -25.221670 -11.666533
v -16.867357 -25.221670 -12.509244
v -17.909605 -25.221670 -10.957891
v 20.095747 -25.221670 6.096420
v 19.772425 -25.221670 7.075129
v 18.012300 -25.221670 10.796599
v 20.898880 -25.221670 2.058802
v 15.559974 -25.221670 14.103180
v 20.898880 -25.221670 -2.057918
v 15.083332 -25.221670 -2.957892
v 13.583332 -25.221670 -6.957891
v 20.095747 -25.221670 -6.095536
v 18.520346 -25.221670 -9.898890
v 16.233219 -25.221670 -13.321818
v 13.322260 -25.221670 -16.232777
v 9.899332 -25.221670 -18.519903
v 6.095978 -25.221670 -20.095304
v -16.233219 -25.221670 13.322701
v -13.322260 -25.221670 16.233662
v -9.899332 -25.221670 18.520788
v -2.058360 -25.221670 -20.898438
v -6.095978 -25.221670 -20.095304
v -9.899332 -25.221670 -18.519903
v -13.322260 -25.221670 -16.232777
v -16.233219 -25.221670 -13.321818
v 20.772707 -25.221670 3.081782
v 20.974705 -25.221670 -1.029979
v 20.370657 -25.221670 -5.102142
v 18.983776 -25.221670 -8.978215
v 16.867357 -25.221670 -12.509244
v 14.102738 -25.221670 -15.559532
v 10.796158 -25.221670 -18.011858
v 7.074687 -25.221670 -19.771982
v 3.081340 -25.221670 -20.772264
v 10.083332 -25.221670 -10.957891
vn -0.0000 1.0000 -0.0000
vn -0.0000 -1.0000 -0.0000
vn 0.9569 -0.0000 0.2903
vn 0.8819 -0.0000 0.4714
vn 0.7730 -0.0000 0.6344
vn 0.6344 -0.0000 0.7730
vn 0.4714 -0.0000 0.8819
vn 0.2903 -0.0000 0.9569
vn 0.0980 -0.0000 0.9952
vn -0.0980 -0.0000 0.9952
vn -0.2903 -0.0000 0.9569
vn -0.4714 -0.0000 0.8819
vn -0.6344 -0.0000 0.7730
vn -0.7730 -0.0000 0.6344
vn -0.8819 -0.0000 0.4714
vn -0.9569 -0.0000 0.2903
vn 0.9569 -0.0000 -0.2903
vn 0.8819 -0.0000 -0.4714
vn 0.7730 -0.0000 -0.6344
vn 0.6344 -0.0000 -0.7730
vn 0.4714 -0.0000 -0.8819
vn 0.2903 -0.0000 -0.9569
vn 0.0980 -0.0000 -0.9952
vn -0.0980 -0.0000 -0.9952
vn -0.2903 -0.0000 -0.9569
vn -0.4714 -0.0000 -0.8819
vn -0.6344 -0.0000 -0.7730
vn -0.7730 -0.0000 -0.6344
vn -0.8819 -0.0000 -0.4714
vn -0.9569 -0.0000 -0.2903
vn 0.9952 -0.0000 -0.0980
vn 1.0000 -0.0000 -0.0000
vn 0.5000 -0.0000 0.8660
vn -0.0033 1.0000 0.0004
vn -0.8176 -0.0000 -0.5758
vn 0.9925 -0.0000 0.1224
vn -0.1710 -0.0000 -0.9853
vn -0.9973 -0.0000 -0.0736
vn 0.9853 -0.0000 0.1710
vn -0.1224 -0.0000 -0.9925
vn -0.9925 -0.0000 -0.1224
vn 0.9853 -0.0000 -0.1710
vn 0.1224 -0.0000 -0.9925
vn -0.9997 -0.0000 -0.0245
vn 0.9925 -0.0000 -0.1224
vn -0.2191 -0.0000 0.9757
vn -0.9925 -0.0000 0.1224
vn 0.9973 -0.0000 0.0736
vn -0.1710 -0.0000 0.9853
vn -0.9330 -0.0000 -0.3599
vn 0.9997 -0.0000 0.0245
vn 0.2667 -0.0000 -0.9638
vn -0.9638 -0.0000 -0.2667
vn 0.9757 -0.0000 0.2191
vn -0.2191 -0.0000 -0.9757
vn -0.9142 -0.0000 -0.4052
vn 0.9638 -0.0000 0.2667
vn -0.3599 -0.0000 -0.9330
vn -0.9330 -0.0000 0.3599
vn 0.9757 -0.0000 -0.2191
vn 0.3137 -0.0000 0.9495
vn -0.9853 -0.0000 0.1710
vn 0.9973 -0.0000 -0.0736
vn -0.4052 -0.0000 0.9142
vn -0.9757 -0.0000 -0.2191
vn 0.9997 -0.0000 -0.0245
vn -0.3599 -0.0000 0.9330
vn -0.7242 -0.0000 0.6895
vn 0.8449 -0.0000 -0.5350
vn -0.4052 -0.0000 -0.9142
vn -0.9142 -0.0000 0.4052
vn 0.8176 -0.0000 -0.5758
vn -0.0245 -0.0000 0.9997
vn -0.8449 -0.0000 0.5350
vn 0.7572 -0.0000 -0.6532
vn -0.8701 -0.0000 0.4929
vn 0.9330 -0.0000 0.3599
vn 0.3137 -0.0000 -0.9495
vn -0.8932 -0.0000 0.4496
vn 0.9142 -0.0000 -0.4052
vn -0.7883 -0.0000 0.6152
vn 0.8701 -0.0000 0.4929
vn -0.0736 -0.0000 -0.9973
vn -0.7572 -0.0000 0.6532
vn 0.7883 -0.0000 0.6152
vn -0.6895 -0.0000 0.7242
vn 0.8932 -0.0000 0.4496
vn 0.1710 -0.0000 0.9853
vn -0.7572 -0.0000 -0.6532
vn 0.8701 -0.0000 -0.4929
vn -0.7242 -0.0000 -0.6895
vn 0.8449 -0.0000 0.5350
vn 0.1710 -0.0000 -0.9853
vn -0.8176 -0.0000 0.5758
vn 0.9142 -0.0000 0.4052
vn -0.0245 -0.0000 -0.9997
vn -0.9997 -0.0000 0.0245
vn 0.9330 -0.0000 -0.3599
vn 0.0736 -0.0000 -0.9973
vn 0.8176 -0.0000 0.5758
vn 0.0245 -0.0000 -0.9997
vn 0.7572 -0.0000 0.6532
vn 0.2667 -0.0000 0.9638
vn 0.7883 -0.0000 -0.6152
vn 0.2191 -0.0000 0.9757
vn 0.9495 -0.0000 -0.3137
vn 0.0736 -0.0000 0.9973
vn 0.8932 -0.0000 -0.4496
vn 0.0245 -0.0000 0.9997
vn 0.9495 -0.0000 0.3137
vn 0.5350 -0.0000 0.8448
vn 0.6896 -0.0000 0.7242
vn 0.4052 -0.0000 0.9142
vn 0.7242 -0.0000 -0.6895
vn 0.6895 -0.0000 -0.7242
vn 0.6152 -0.0000 -0.7883
vn 0.5758 -0.0000 -0.8176
vn 0.6152 -0.0000 0.7883
vn 0.5350 -0.0000 -0.8448
vn 0.4929 -0.0000 -0.8701
vn 0.4929 -0.0000 0.8701
vn 0.3599 -0.0000 0.9330
vn 0.6532 -0.0000 -0.7572
vn -0.5758 -0.0000 -0.8176
vn 0.4496 -0.0000 0.8932
vn 0.4496 -0.0000 -0.8932
vn 0.3599 -0.0000 -0.9330
vn 0.6532 -0.0000 0.7572
vn -0.4496 -0.0000 -0.8932
vn 0.7242 -0.0000 0.6895
vn 0.5758 -0.0000 0.8176
vn 0.2191 -0.0000 -0.9757
vn -0.6532 -0.0000 -0.7572
vn 0.6895 -0.0000 0.7243
vn 0.1224 -0.0000 0.9925
vn -0.8701 -0.0000 -0.4929
vn 0.4052 -0.0000 -0.9142
vn 0.7243 -0.0000 0.6895
vn 0.7243 -0.0000 -0.6895
vn -0.9973 -0.0000 0.0736
vn -0.9495 -0.0000 0.3137
vn -0.9853 -0.0000 -0.1710
vn -0.9757 -0.0000 0.2191
vn -0.1224 -0.0000 0.9925
vn 0.9638 -0.0000 -0.2667
vn -0.0736 -0.0000 0.9973
vn -0.3137 -0.0000 -0.9495
vn -0.8932 -0.0000 -0.4496
vn -0.2667 -0.0000 -0.9638
vn -0.2667 -0.0000 0.9638
vn -0.4929 -0.0000 0.8701
vn -0.6895 -0.0000 -0.7242
vn -0.7883 -0.0000 -0.6152
vn -0.3137 -0.0000 0.9495
vn -0.6152 -0.0000 0.7883
vn -0.5350 -0.0000 0.8449
vn -0.6152 -0.0000 -0.7883
vn 0.6895 -0.0000 0.7242
vn -0.4929 -0.0000 -0.8701
vn -0.5350 -0.0000 -0.8449
vn -0.4496 -0.0000 0.8932
vn -0.6532 -0.0000 0.7572
vn -0.5758 -0.0000 0.8176
vn -0.9495 -0.0000 -0.3137
vn -0.9638 -0.0000 0.2667
vn -0.8449 -0.0000 -0.5350
vn 0.5350 -0.0000 -0.8449
vn 0.5350 -0.0000 0.8449
vn -0.3137 0.0003 0.9495
vn 0.0736 -0.0003 -0.9973
vn -0.2667 0.0003 0.9638
vn 0.0245 -0.0003 -0.9997
vn -0.2191 0.0003 0.9757
vn -0.1710 0.0003 0.9853
vn -0.1224 0.0003 0.9925
vn -0.0736 0.0003 0.9973
vn -0.0245 0.0003 0.9997
vn 0.0245 0.0003 0.9997
vn 0.0736 0.0003 0.9973
vn 0.1224 0.0003 0.9925
vn 0.1710 0.0003 0.9853
vn 0.2191 0.0003 0.9757
vn -0.0245 -0.0003 -0.9997
vn 0.2667 0.0003 0.9638
vn -0.0736 -0.0003 -0.9973
vn 0.3137 0.0003 0.9495
vn -0.1224 -0.0003 -0.9925
vn 0.3599 0.0003 0.9330
vn -0.1710 -0.0003 -0.9853
vn 0.4052 0.0003 0.9142
vn -0.2191 -0.0003 -0.9757
vn 0.4496 0.0003 0.8932
vn -0.2667 -0.0003 -0.9638
vn 0.4929 0.0003 0.8701
vn -0.3137 -0.0003 -0.9495
vn 0.5350 0.0003 0.8449
vn -0.3599 -0.0003 -0.9330
vn 0.5758 0.0002 0.8176
vn -0.4052 -0.0003 -0.9142
vn 0.6152 0.0002 0.7883
vn -0.4496 -0.0003 -0.8932
vn 0.6532 0.0002 0.7572
vn -0.4929 -0.0003 -0.8701
vn 0.6895 0.0002 0.7242
vn -0.5350 -0.0003 -0.8449
vn 0.7242 0.0002 0.6895
vn -0.5758 -0.0002 -0.8176
vn 0.7572 0.0002 0.6532
vn -0.6152 -0.0002 -0.7883
vn 0.7883 0.0002 0.6152
vn -0.6532 -0.0002 -0.7572
vn 0.8176 0.0002 0.5758
vn -0.6895 -0.0002 -0.7242
vn 0.8449 0.0002 0.5350
vn -0.7242 -0.0002 -0.6895
vn 0.8701 0.0002 0.4929
vn -0.7572 -0.0002 -0.6532
vn 0.8932 0.0001 0.4496
vn -0.7883 -0.0002 -0.6152
vn 0.9142 0.0001 0.4052
vn -0.8176 -0.0002 -0.5758
vn 0.9330 0.0001 0.3599
vn -0.8449 -0.0002 -0.5350
vn 0.9495 0.0001 0.3137
vn -0.8701 -0.0002 -0.4929
vn 0.9638 0.0001 0.2667
vn -0.8932 -0.0001 -0.4496
vn 0.9757 0.0001 0.2191
vn -0.9142 -0.0001 -0.4052
vn 0.9853 0.0001 0.1710
vn -0.9330 -0.0001 -0.3599
vn -0.7526 -0.0000 0.6585
vn -0.7526 -0.0000 -0.6585
vn -0.9363 -0.0000 0.3511
vn -0.9363 -0.0000 -0.3511
vn 0.1224 -0.0003 -0.9925
vn -0.3599 0.0003 0.9330
vn 0.1710 -0.0003 -0.9853
vn -0.4052 0.0003 0.9142
vn 0.2191 -0.0003 -0.9757
vn -0.4496 0.0003 0.8932
vn 0.2667 -0.0003 -0.9638
vn -0.4929 0.0003 0.8701
vn 0.3137 -0.0003 -0.9495
vn -0.5350 0.0003 0.8449
vn 0.3599 -0.0003 -0.9330
vn -0.5758 0.0002 0.8176
vn 0.4052 -0.0003 -0.9142
vn -0.6152 0.0002 0.7883
vn 0.4496 -0.0003 -0.8932
vn -0.6532 0.0002 0.7572
vn 0.4929 -0.0003 -0.8701
vn -0.6895 0.0002 0.7242
vn 0.5350 -0.0003 -0.8449
vn -0.7242 0.0002 0.6895
vn 0.5758 -0.0002 -0.8176
vn -0.7572 0.0002 0.6532
vn 0.6152 -0.0002 -0.7883
vn -0.7883 0.0002 0.6152
vn 0.6532 -0.0002 -0.7572
vn -0.8176 0.0002 0.5758
vn 0.6895 -0.0002 -0.7242
vn -0.8449 0.0002 0.5350
vn 0.7242 -0.0002 -0.6895
vn -0.8701 0.0002 0.4929
vn 0.7572 -0.0002 -0.6532
vn -0.8932 0.0001 0.4496
vn 0.7883 -0.0002 -0.6152
vn -0.9142 0.0001 0.4052
vn 0.8176 -0.0002 -0.5758
vn -0.9330 0.0001 0.3599
vn 0.8449 -0.0002 -0.5350
vn -0.9495 0.0001 0.3137
vn 0.8701 -0.0002 -0.4929
vn -0.9638 0.0001 0.2667
vn 0.8932 -0.0001 -0.4496
vn -0.9757 0.0001 0.2191
vn 0.9142 -0.0001 -0.4052
vn -0.9853 0.0001 0.1710
vn 0.9330 -0.0001 -0.3599
vn 0.9495 -0.0001 -0.3137
vn 0.9638 -0.0001 -0.2667
vn 0.9757 -0.0001 -0.2191
vn 0.9853 -0.0001 -0.1710
vn -0.9853 -0.0001 -0.1710
vn -0.9757 -0.0001 -0.2191
vn -0.9638 -0.0001 -0.2667
vn -0.9495 -0.0001 -0.3137
vn 0.9323 0.0002 0.3617
vn -0.9852 -0.0000 -0.1712
vn -0.9997 -0.0000 0.0246
vn 0.9997 -0.0000 0.0246
vn -0.8957 0.0002 -0.4446
vn -0.9850 0.0001 0.1728
vn 0.6574 0.0001 -0.7535
vn 0.9997 -0.0000 -0.0246
vn -0.9997 -0.0000 -0.0246
vn 0.9850 0.0001 0.1728
vn 0.8957 0.0004 0.4446
vn 0.9323 -0.0000 -0.3617
vn -0.9323 -0.0000 -0.3617
vn -0.9973 -0.0000 0.0738
vn -0.8957 0.0004 0.4446
vn -0.9850 -0.0000 -0.1728
vn -0.9973 -0.0000 -0.0738
vn -0.6896 -0.0002 -0.7242
vn 0.8957 0.0002 -0.4446
vn -0.9323 0.0002 0.3617
vn -0.9852 0.0001 0.1712
vn -0.6896 0.0002 0.7242
vn 0.9850 -0.0000 -0.1728
vn 0.0115 0.9998 0.0181
vn -0.0067 0.9998 -0.0204
vn -0.0032 1.0000 0.0006
vn 0.5000 -0.0000 -0.8660
vn -0.4987 -0.0021 -0.8668
vn -1.0000 -0.0000 -0.0000
vn -0.4987 -0.0021 0.8668
vn -0.4973 -0.0000 0.8676
vn -0.0037 1.0000 0.0003
vn -0.0042 1.0000 -0.0000
vn -0.0040 1.0000 -0.0001
vn -0.0037 1.0000 -0.0003
vn -0.0034 1.0000 -0.0004
vn -0.0032 1.0000 -0.0006
vn -0.0030 1.0000 -0.0007
vn -0.0029 1.0000 -0.0008
vn -0.0027 1.0000 -0.0009
vn -0.0026 1.0000 -0.0010
vn -0.0025 1.0000 -0.0011
vn -0.0024 1.0000 -0.0012
vn -0.0024 1.0000 -0.0013
vn -0.0023 1.0000 -0.0015
vn -0.0022 1.0000 -0.0016
vn -0.0022 1.0000 -0.0017
vn -0.0022 1.0000 -0.0019
vn -0.0021 1.0000 -0.0020
vn -0.0021 1.0000 -0.0022
vn -0.0021 1.0000 -0.0024
vn -0.0021 1.0000 -0.0026
vn -0.0021 1.0000 -0.0029
vn -0.0021 1.0000 -0.0033
vn -0.0021 1.0000 -0.0036
vn -0.0017 1.0000 -0.0034
vn -0.0014 1.0000 -0.0032
vn -0.0012 1.0000 -0.0031
vn -0.0010 1.0000 -0.0030
vn -0.0008 1.0000 -0.0029
vn -0.0006 1.0000 -0.0028
vn -0.0005 1.0000 -0.0028
vn -0.0003 1.0000 -0.0028
vn -0.0002 1.0000 -0.0027
vn -0.0001 1.0000 -0.0027
vn 0.0001 1.0000 -0.0027
vn 0.0002 1.0000 -0.0027
vn 0.0003 1.0000 -0.0028
vn 0.0005 1.0000 -0.0028
vn 0.0006 1.0000 -0.0028
vn 0.0008 1.0000 -0.0029
vn 0.0010 1.0000 -0.0030
vn 0.0012 1.0000 -0.0031
vn 0.0014 1.0000 -0.0032
vn 0.0017 1.0000 -0.0034
vn 0.0021 1.0000 -0.0037
vn 0.0021 1.0000 -0.0033
vn 0.0021 1.0000 -0.0030
vn 0.0021 1.0000 -0.0027
vn 0.0021 1.0000 -0.0024
vn 0.0021 1.0000 -0.0022
vn 0.0021 1.0000 -0.0020
vn 0.0022 1.0000 -0.0019
vn 0.0022 1.0000 -0.0017
vn 0.0023 1.0000 -0.0016
vn 0.0023 1.0000 -0.0015
vn 0.0024 1.0000 -0.0014
vn 0.0213 0.9994 0.0275
vn -0.0215 0.9994 -0.0278
vn 0.0026 1.0000 -0.0010
vn 0.0027 1.0000 -0.0009
vn 0.0029 1.0000 -0.0008
vn 0.0031 1.0000 -0.0007
vn 0.0032 1.0000 -0.0006
vn 0.0034 1.0000 -0.0004
vn 0.0037 1.0000 -0.0003
vn 0.0042 1.0000 -0.0000
vn 0.0040 1.0000 0.0001
vn 0.0038 1.0000 0.0003
vn 0.0034 1.0000 0.0004
vn 0.0032 1.0000 0.0006
vn 0.0030 1.0000 0.0007
vn 0.0029 1.0000 0.0008
vn 0.0027 1.0000 0.0009
vn 0.0026 1.0000 0.0010
vn 0.0025 1.0000 0.0011
vn 0.0025 1.0000 0.0012
vn 0.0024 1.0000 0.0014
vn 0.0023 1.0000 0.0015
vn 0.0023 1.0000 0.0016
vn 0.0022 1.0000 0.0017
vn 0.0022 1.0000 0.0019
vn 0.0021 1.0000 0.0020
vn 0.0021 1.0000 0.0022
vn 0.0021 1.0000 0.0024
vn 0.0021 1.0000 0.0027
vn 0.0021 1.0000 0.0030
vn 0.0021 1.0000 0.0033
vn 0.0021 1.0000 0.0037
vn -0.0021 1.0000 0.0036
vn -0.0021 1.0000 0.0033
vn -0.0021 1.0000 0.0029
vn -0.0021 1.0000 0.0026
vn -0.0021 1.0000 0.0024
vn -0.0021 1.0000 0.0022
vn -0.0021 1.0000 0.0020
vn -0.0022 1.0000 0.0019
vn -0.0022 1.0000 0.0017
vn -0.0022 1.0000 0.0016
vn -0.0023 1.0000 0.0015
vn -0.0024 1.0000 0.0013
vn -0.0024 1.0000 0.0012
vn -0.0025 1.0000 0.0011
vn -0.0026 1.0000 0.0010
vn -0.0027 1.0000 0.0009
vn -0.0029 1.0000 0.0008
vn -0.0030 1.0000 0.0007
vn 0.0017 1.0000 0.0034
vn 0.0014 1.0000 0.0032
vn 0.0012 1.0000 0.0031
vn 0.0010 1.0000 0.0030
vn 0.0008 1.0000 0.0029
vn 0.0006 1.0000 0.0028
vn 0.0005 1.0000 0.0028
vn 0.0003 1.0000 0.0028
vn 0.0002 1.0000 0.0027
vn 0.0001 1.0000 0.0027
vn -0.0001 1.0000 0.0027
vn -0.0002 1.0000 0.0027
vn -0.0003 1.0000 0.0028
vn -0.0005 1.0000 0.0028
vn -0.0006 1.0000 0.0028
vn -0.0008 1.0000 0.0029
vn -0.0010 1.0000 0.0030
vn -0.0012 1.0000 0.0031
vn -0.0014 1.0000 0.0032
vn -0.0017 1.0000 0.0034
vn -0.9952 -0.0000 -0.0980
vn -0.9952 -0.0000 0.0980
vn 0.9952 -0.0000 0.0980
vn 0.0002 1.0000 0.0033
vn -0.0002 1.0000 0.0033
vn -0.0017 -1.0000 -0.0044
vn -0.0014 -1.0000 -0.0043
vn 0.0012 1.0000 0.0042
vn 0.0009 1.0000 0.0040
vn -0.0007 -1.0000 -0.0038
vn -0.0004 -1.0000 -0.0036
vn -0.0002 -1.0000 -0.0034
vn 0.0017 -1.0000 -0.0044
vn 0.0014 -1.0000 -0.0043
vn 0.0012 -1.0000 -0.0042
vn 0.0009 -1.0000 -0.0040
vn -0.0007 1.0000 0.0038
vn 0.0004 -1.0000 -0.0036
vn 0.0002 -1.0000 -0.0034
vn -0.9986 -0.0000 -0.0537
vn -0.9986 -0.0000 0.0537
vn 0.9986 -0.0000 0.0537
vn 0.0002 1.0000 -0.0033
vn -0.0002 1.0000 -0.0033
vn 0.0017 -1.0000 0.0044
vn 0.0014 -1.0000 0.0043
vn -0.0012 1.0000 -0.0042
vn -0.0009 1.0000 -0.0040
vn 0.0007 -1.0000 0.0038
vn 0.0004 -1.0000 0.0036
vn 0.0002 -1.0000 0.0034
vn -0.0017 -1.0000 0.0044
vn -0.0014 -1.0000 0.0043
vn -0.0012 -1.0000 0.0042
vn -0.0009 -1.0000 0.0040
vn 0.0007 1.0000 -0.0038
vn 0.0004 1.0000 -0.0036
vn -0.0002 -1.0000 0.0034
vn -0.0001 -1.0000 -0.0000
vn 0.0001 -1.0000 -0.0000
vn 0.0003 -1.0000 -0.0000
vn 0.0002 -1.0000 -0.0000
vn -0.0003 -1.0000 -0.0000
vn -0.0004 -1.0000 -0.0000
vn -0.0000 -0.0000 1.0000
vn -0.0000 -0.0000 -1.0000
vt 0.531250 0.500000
vt 0.500000 0.500000
vt 0.812500 0.500000
vt 0.781250 0.500000
vt 0.250000 1.000000
vt 0.281250 1.000000
vt 0.812500 1.000000
vt 0.843750 1.000000
vt 0.000000 1.000000
vt 0.031250 1.000000
vt 0.843750 0.500000
vt 0.312500 1.000000
vt 0.031250 0.500000
vt 1.000000 0.500000
vt 0.875000 1.000000
vt 0.593750 0.500000
vt 0.562500 0.500000
vt 0.062500 1.000000
vt 0.875000 0.500000
vt 0.343750 1.000000
vt 0.062500 0.500000
vt 0.343750 0.500000
vt 0.312500 0.500000
vt 0.906250 1.000000
vt 0.625000 0.500000
vt 0.093750 1.000000
vt 0.093750 0.500000
vt 0.625000 1.000000
vt 0.656250 1.000000
vt 0.375000 0.500000
vt 0.937500 1.000000
vt 0.656250 0.500000
vt 0.419706 0.419706
vt 0.414265 0.424171
vt 0.383337 0.449553
vt 0.383337 0.449553
vt 0.378508 0.452134
vt 0.341844 0.471731
vt 0.468750 0.500000
vt 0.468750 1.000000
vt 0.437500 1.000000
vt 0.437500 0.500000
vt 0.406250 1.000000
vt 0.406250 0.500000
vt 0.375000 1.000000
vt 0.281250 0.500000
vt 0.250000 0.500000
vt 0.218750 1.000000
vt 0.218750 0.500000
vt 0.187500 1.000000
vt 0.187500 0.500000
vt 0.156250 1.000000
vt 0.156250 0.500000
vt 0.125000 1.000000
vt 0.125000 0.500000
vt 0.383337 0.050447
vt 0.419706 0.080294
vt 0.734375 1.000000
vt 0.726562 1.000000
vt 0.341844 0.028269
vt 0.796822 0.014612
vt 0.562500 1.000000
vt 0.531250 1.000000
vt 0.593750 1.000000
vt 0.710938 1.000000
vt 0.703125 1.000000
vt 0.765625 1.000000
vt 0.757812 1.000000
vt 0.773438 1.000000
vt 0.781250 1.000000
vt 0.718750 1.000000
vt 0.742188 1.000000
vt 0.687500 1.000000
vt 0.968750 1.000000
vt 0.296822 0.485388
vt 0.937500 0.500000
vt 0.968750 0.500000
vt 0.841844 0.471731
vt 0.906250 0.500000
vt 0.919706 0.419706
vt 0.883337 0.449553
vt 0.500000 1.000000
vt 0.296822 0.014612
vt 0.687500 0.500000
vt 0.718750 0.500000
vt 0.000000 0.000000
vt 0.414265 0.075829
vt 0.378508 0.047866
vt 0.841844 0.028269
vt 0.273438 1.000000
vt 0.265625 1.000000
vt 0.257812 1.000000
vt 0.210938 1.000000
vt 0.242188 1.000000
vt 0.234375 1.000000
vt 0.883337 0.050447
vt 0.919706 0.080294
vt 0.000000 0.500000
vt 0.333333 0.500000
vt 0.166667 0.500000
vt 0.326876 0.999301
vt 0.333333 0.999301
vt -0.000000 0.500000
vt 0.163848 0.999301
vt 0.166667 0.999301
vt 1.000000 1.000000
vt 0.992188 1.000000
vt 0.992188 0.500000
vt 0.984375 1.000000
vt 0.984375 0.500000
vt 0.976562 1.000000
vt 0.976562 0.500000
vt 0.960938 1.000000
vt 0.960938 0.500000
vt 0.953125 1.000000
vt 0.953125 0.500000
vt 0.945312 1.000000
vt 0.945312 0.500000
vt 0.929688 1.000000
vt 0.929688 0.500000
vt 0.921875 1.000000
vt 0.921875 0.500000
vt 0.914062 1.000000
vt 0.914062 0.500000
vt 0.898438 1.000000
vt 0.898438 0.500000
vt 0.890625 1.000000
vt 0.890625 0.500000
vt 0.882812 1.000000
vt 0.882812 0.500000
vt 0.867188 1.000000
vt 0.867188 0.500000
vt 0.859375 1.000000
vt 0.859375 0.500000
vt 0.851562 1.000000
vt 0.851562 0.500000
vt 0.835938 1.000000
vt 0.835938 0.500000
vt 0.828125 1.000000
vt 0.828125 0.500000
vt 0.820312 1.000000
vt 0.820312 0.500000
vt 0.804688 1.000000
vt 0.804688 0.500000
vt 0.796875 1.000000
vt 0.796875 0.500000
vt 0.789062 1.000000
vt 0.789062 0.500000
vt 0.773438 0.500000
vt 0.765625 0.500000
vt 0.757812 0.500000
vt 0.750000 1.000000
vt 0.750000 0.500000
vt 0.742188 0.500000
vt 0.734375 0.500000
vt 0.726562 0.500000
vt 0.710938 0.500000
vt 0.703125 0.500000
vt 0.695312 1.000000
vt 0.695312 0.500000
vt 0.679688 1.000000
vt 0.679688 0.500000
vt 0.671875 1.000000
vt 0.671875 0.500000
vt 0.664062 1.000000
vt 0.664062 0.500000
vt 0.648438 1.000000
vt 0.648438 0.500000
vt 0.640625 1.000000
vt 0.640625 0.500000
vt 0.632812 1.000000
vt 0.632812 0.500000
vt 0.617188 1.000000
vt 0.617188 0.500000
vt 0.609375 1.000000
vt 0.609375 0.500000
vt 0.601562 1.000000
vt 0.601562 0.500000
vt 0.585938 1.000000
vt 0.585938 0.500000
vt 0.578125 1.000000
vt 0.578125 0.500000
vt 0.570312 1.000000
vt 0.570312 0.500000
vt 0.554688 1.000000
vt 0.554688 0.500000
vt 0.546875 1.000000
vt 0.546875 0.500000
vt 0.539062 1.000000
vt 0.539062 0.500000
vt 0.523438 1.000000
vt 0.523438 0.500000
vt 0.515625 1.000000
vt 0.515625 0.500000
vt 0.507812 1.000000
vt 0.507812 0.500000
vt 0.492188 1.000000
vt 0.492188 0.500000
vt 0.484375 1.000000
vt 0.484375 0.500000
vt 0.476562 1.000000
vt 0.476562 0.500000
vt 0.460938 1.000000
vt 0.460938 0.500000
vt 0.453125 1.000000
vt 0.453125 0.500000
vt 0.445312 1.000000
vt 0.445312 0.500000
vt 0.429688 1.000000
vt 0.429688 0.500000
vt 0.421875 1.000000
vt 0.421875 0.500000
vt 0.414062 1.000000
vt 0.414062 0.500000
vt 0.398438 1.000000
vt 0.398438 0.500000
vt 0.390625 1.000000
vt 0.390625 0.500000
vt 0.382812 1.000000
vt 0.382812 0.500000
vt 0.367188 1.000000
vt 0.367188 0.500000
vt 0.359375 1.000000
vt 0.359375 0.500000
vt 0.351562 1.000000
vt 0.351562 0.500000
vt 0.335938 1.000000
vt 0.335938 0.500000
vt 0.328125 1.000000
vt 0.328125 0.500000
vt 0.320312 1.000000
vt 0.320312 0.500000
vt 0.304688 1.000000
vt 0.304688 0.500000
vt 0.296875 1.000000
vt 0.296875 0.500000
vt 0.289062 1.000000
vt 0.289062 0.500000
vt 0.273438 0.500000
vt 0.265625 0.500000
vt 0.257812 0.500000
vt 0.242188 0.500000
vt 0.234375 0.500000
vt 0.226562 1.000000
vt 0.226562 0.500000
vt 0.210938 0.500000
vt 0.203125 1.000000
vt 0.203125 0.500000
vt 0.195312 1.000000
vt 0.195312 0.500000
vt 0.179688 1.000000
vt 0.179688 0.500000
vt 0.171875 1.000000
vt 0.171875 0.500000
vt 0.164062 1.000000
vt 0.164062 0.500000
vt 0.148438 1.000000
vt 0.148438 0.500000
vt 0.140625 1.000000
vt 0.140625 0.500000
vt 0.132812 1.000000
vt 0.132812 0.500000
vt 0.117188 1.000000
vt 0.117188 0.500000
vt 0.109375 1.000000
vt 0.109375 0.500000
vt 0.101562 1.000000
vt 0.101562 0.500000
vt 0.085938 1.000000
vt 0.085938 0.500000
vt 0.078125 1.000000
vt 0.078125 0.500000
vt 0.070312 1.000000
vt 0.070312 0.500000
vt 0.054688 1.000000
vt 0.054688 0.500000
vt 0.046875 1.000000
vt 0.046875 0.500000
vt 0.039062 1.000000
vt 0.039062 0.500000
vt 0.023438 1.000000
vt 0.023438 0.500000
vt 0.015625 1.000000
vt 0.015625 0.500000
vt 0.007812 1.000000
vt 0.007812 0.500000
vt 0.162608 0.500000
vt 0.162608 0.500000
vt 0.338140 0.500000
vt 0.296448 0.500000
vt 0.200233 0.500000
vt 0.617188 0.650400
vt 0.617188 0.750000
vt 0.625000 0.750000
vt 0.625000 0.650400
vt 0.078125 0.650400
vt 0.078125 0.750000
vt 0.070312 0.750000
vt 0.070312 0.650400
vt 0.796875 0.650400
vt 0.796875 0.750000
vt 0.789062 0.750000
vt 0.789062 0.650400
vt 0.187500 0.650400
vt 0.187500 0.750000
vt 0.195312 0.750000
vt 0.195312 0.650400
vt 0.921875 0.650400
vt 0.921875 0.750000
vt 0.929688 0.750000
vt 0.929688 0.650400
vt 0.578125 0.650400
vt 0.578125 0.750000
vt 0.585938 0.750000
vt 0.585938 0.650400
vt 0.429688 0.650400
vt 0.429688 0.750000
vt 0.437500 0.750000
vt 0.437500 0.650400
vt 0.093750 0.650400
vt 0.093750 0.750000
vt 0.101562 0.750000
vt 0.101562 0.650400
vt 0.953125 0.650400
vt 0.953125 0.750000
vt 0.960938 0.750000
vt 0.960938 0.650400
vt 0.882812 0.650400
vt 0.882812 0.750000
vt 0.890625 0.750000
vt 0.890625 0.650400
vt 0.956204 0.650400
vt 0.898438 0.650400
vt 0.898438 0.750000
vt 0.906250 0.750000
vt 0.906250 0.650400
vt 0.859375 0.650400
vt 0.859375 0.750000
vt 0.867188 0.750000
vt 0.867188 0.650400
vt 0.695312 0.650400
vt 0.695312 0.750000
vt 0.703125 0.750000
vt 0.703125 0.650400
vt 0.875000 0.750000
vt 0.875000 0.650400
vt 0.265625 0.650400
vt 0.265625 0.750000
vt 0.257812 0.750000
vt 0.257812 0.650400
vt 0.289062 0.650400
vt 0.289062 0.750000
vt 0.281250 0.750000
vt 0.281326 0.650400
vt 0.304688 0.650400
vt 0.304688 0.750000
vt 0.296875 0.750000
vt 0.296875 0.650400
vt 0.601562 0.750000
vt 0.593750 0.750000
vt 0.593750 0.650400
vt 0.601562 0.650400
vt 0.570312 0.750000
vt 0.570312 0.650400
vt 0.054688 0.650400
vt 0.054688 0.750000
vt 0.046875 0.750000
vt 0.046875 0.650400
vt 0.976562 0.650400
vt 0.976562 0.750000
vt 0.984375 0.750000
vt 0.984375 0.650400
vt 0.039062 0.750000
vt 0.039062 0.650400
vt 0.242188 0.650400
vt 0.242188 0.750000
vt 0.234375 0.750000
vt 0.234375 0.650400
vt 0.421875 0.650400
vt 0.421875 0.750000
vt 0.414062 0.750000
vt 0.414062 0.650400
vt 0.132812 0.650400
vt 0.132812 0.750000
vt 0.125000 0.750000
vt 0.125000 0.650400
vt 0.937500 0.650400
vt 0.937500 0.750000
vt 0.656250 0.650400
vt 0.656250 0.750000
vt 0.664062 0.750000
vt 0.664062 0.650400
vt 0.460938 0.650400
vt 0.460938 0.750000
vt 0.468750 0.750000
vt 0.468750 0.650400
vt 0.109375 0.650400
vt 0.109375 0.750000
vt 0.117188 0.750000
vt 0.117188 0.650400
vt 0.546875 0.650400
vt 0.546875 0.750000
vt 0.554688 0.750000
vt 0.554688 0.650400
vt 0.828125 0.650400
vt 0.828125 0.750000
vt 0.835938 0.750000
vt 0.835938 0.650400
vt 0.281250 0.650400
vt 0.273438 0.750000
vt 0.273438 0.650400
vt 0.343750 0.650400
vt 0.343750 0.750000
vt 0.351562 0.750000
vt 0.351562 0.650400
vt 0.085938 0.650400
vt 0.085938 0.750000
vt 0.062500 0.750000
vt 0.062500 0.650400
vt 0.945312 0.650400
vt 0.945312 0.750000
vt 0.203125 0.750000
vt 0.203125 0.650400
vt 0.671875 0.650400
vt 0.671875 0.750000
vt 0.664062 0.650400
vt 0.015625 0.650400
vt 0.015625 0.750000
vt 0.023438 0.750000
vt 0.023438 0.650400
vt 0.250000 0.650400
vt 0.250000 0.750000
vt 0.359375 0.650400
vt 0.359375 0.750000
vt 0.367188 0.750000
vt 0.367188 0.650400
vt 0.226563 0.650400
vt 0.226562 0.750000
vt 0.164062 0.650400
vt 0.164062 0.750000
vt 0.171875 0.750000
vt 0.171875 0.650400
vt 0.335938 0.650400
vt 0.335938 0.750000
vt 0.328125 0.750000
vt 0.328125 0.650400
vt 0.492188 0.650400
vt 0.492188 0.750000
vt 0.500000 0.750000
vt 0.500000 0.650400
vt 0.218750 0.750000
vt 0.210938 0.750000
vt 0.210938 0.650400
vt 0.218750 0.650400
vt 0.000000 0.650400
vt 0.000000 0.750000
vt 0.007812 0.750000
vt 0.007812 0.650400
vt 0.804688 0.650400
vt 0.804688 0.750000
vt 0.140625 0.750000
vt 0.140625 0.650400
vt 0.843750 0.650400
vt 0.843750 0.750000
vt 0.851562 0.750000
vt 0.851562 0.650400
vt 0.820312 0.650400
vt 0.820312 0.750000
vt 0.812500 0.750000
vt 0.812500 0.650400
vt 0.218750 0.650400
vt 0.453125 0.650400
vt 0.453125 0.750000
vt 0.445312 0.750000
vt 0.445312 0.650400
vt 0.375000 0.650400
vt 0.375000 0.750000
vt 0.382812 0.750000
vt 0.380790 0.650400
vt 0.914062 0.650400
vt 0.914062 0.750000
vt 0.539062 0.650400
vt 0.539062 0.750000
vt 0.531250 0.750000
vt 0.531250 0.650400
vt 0.765625 0.750000
vt 0.773438 0.750000
vt 0.773438 0.650400
vt 0.765625 0.650400
vt 0.523438 0.650400
vt 0.523438 0.750000
vt 0.515625 0.750000
vt 0.515625 0.650400
vt 0.687500 0.750000
vt 0.687500 0.650400
vt 0.718750 0.650400
vt 0.718750 0.750000
vt 0.710938 0.750000
vt 0.710938 0.650400
vt 0.390625 0.650400
vt 0.390625 0.750000
vt 0.398438 0.750000
vt 0.398438 0.650400
vt 0.968750 0.750000
vt 0.968750 0.650400
vt 0.671875 0.650400
vt 0.679688 0.750000
vt 0.679688 0.650400
vt 0.781250 0.750000
vt 0.781250 0.650400
vt 0.726562 0.650400
vt 0.726562 0.750000
vt 0.734375 0.750000
vt 0.734299 0.650400
vt 0.562500 0.750000
vt 0.562500 0.650400
vt 0.382812 0.650400
vt 0.750000 0.650400
vt 0.750000 0.750000
vt 0.757812 0.750000
vt 0.757812 0.650400
vt 0.640625 0.650400
vt 0.640625 0.750000
vt 0.632812 0.750000
vt 0.632812 0.650400
vt 0.648438 0.650400
vt 0.648438 0.750000
vt 0.476562 0.650400
vt 0.476562 0.750000
vt 0.484375 0.750000
vt 0.484375 0.650400
vt 0.031250 0.750000
vt 0.031250 0.650400
vt 0.406250 0.650400
vt 0.406250 0.750000
vt 0.992188 0.650400
vt 0.992188 0.750000
vt 1.000000 0.750000
vt 1.000000 0.650400
vt 0.210937 0.650400
vt 0.218674 0.650400
vt 0.718121 0.650400
vt 0.148438 0.750000
vt 0.148438 0.650400
vt 0.203125 0.650400
vt 0.179688 0.650400
vt 0.179688 0.750000
vt 0.320312 0.650400
vt 0.320312 0.750000
vt 0.781250 0.650400
vt 0.773438 0.650400
vt 0.507812 0.650400
vt 0.507812 0.750000
vt 0.742188 0.650400
vt 0.742188 0.750000
vt 0.818290 0.650400
vt 0.156250 0.750000
vt 0.156250 0.650400
vt 0.312500 0.750000
vt 0.312500 0.650400
vt 0.609375 0.750000
vt 0.609375 0.650400
vt 0.765701 0.650400
vt 0.312500 0.650400
vt 0.734375 0.650400
vt 0.734375 0.650400
vt 0.679687 0.650400
vt 0.187500 0.650400
vt 0.313129 0.650400
vt 0.765625 0.650400
vt 0.681710 0.650400
vt 0.543796 0.650400
vt 0.179688 0.650400
vt 0.186871 0.650400
vt 0.656250 0.650400
vt 0.119210 0.650400
vt 0.781879 0.650400
vt 0.500000 0.500000
vt 0.490232 0.999301
vt 0.500000 0.999301
vt 0.666667 0.500000
vt 0.663246 0.999301
vt 0.666667 0.999301
vt 0.833333 0.500000
vt 0.827424 0.999301
vt 0.833333 0.999301
vt 0.991381 0.999301
vt 1.000000 0.999301
vt 0.783313 0.500000
vt 0.785101 0.500000
vt 0.877293 0.500000
vt 0.156725 0.500000
vt 0.619862 0.500000
vt 0.712933 0.500000
vt 0.716240 0.500000
s 0
f 35/1/1 37/2/1 172/2/1 72/1/1
f 17/3/1 19/4/1 69/3/1
f 54/5/2 52/6/2 2377/6/2 87/5/2
f 18/7/2 16/8/2 70/7/2
f 4/9/2 68/10/2 2385/10/2 2375/9/2
f 15/11/1 17/3/1 69/11/1
f 52/6/2 50/12/2 158/12/2 2377/6/2
f 67/13/1 2/14/1 2376/14/1 2384/13/1
f 16/8/2 14/15/2 70/8/2
f 31/16/1 33/17/1 72/16/1
f 68/10/2 66/18/2 2383/18/2 2385/10/2
f 12/19/1 15/11/1 69/19/1
f 50/12/2 48/20/2 83/20/2 158/12/2
f 65/21/1 67/13/1 2384/13/1 93/21/1
f 47/22/1 49/23/1 84/23/1 162/22/1
f 14/15/2 10/24/2 70/15/2
f 29/25/1 31/16/1 72/25/1
f 66/18/2 64/26/2 92/26/2 2383/18/2
f 63/27/1 65/21/1 93/21/1 2382/27/1
f 30/28/2 28/29/2 73/28/2
f 45/30/1 47/22/1 162/22/1 81/30/1
f 10/24/2 8/31/2 70/24/2
f 27/32/1 29/25/1 72/32/1
f 70/33/1 1265/34/1 2344/35/1
f 70/36/1 2344/37/1 71/38/1
f 75/39/3 76/40/3 78/41/3 77/42/3
f 77/42/4 78/41/4 80/43/4 79/44/4
f 79/44/5 80/43/5 82/45/5 81/30/5
f 81/30/6 82/45/6 83/20/6 162/22/6
f 162/22/7 83/20/7 158/12/7 84/23/7
f 84/23/8 158/12/8 2377/6/8 85/46/8
f 85/46/9 2377/6/9 87/5/9 86/47/9
f 86/47/10 87/5/10 88/48/10 2378/49/10
f 2378/49/11 88/48/11 90/50/11 89/51/11
f 89/51/12 90/50/12 2380/52/12 2379/53/12
f 2379/53/13 2380/52/13 91/54/13 2381/55/13
f 2381/55/14 91/54/14 92/26/14 2382/27/14
f 2382/27/15 92/26/15 2383/18/15 93/21/15
f 46/45/1 48/20/1 83/20/1 82/45/1
f 93/21/16 2383/18/16 2385/10/16 2384/13/16
f 73/56/1 1282/56/1 1280/57/1
f 73/56/2 1275/58/2 2348/59/2
f 73/60/1 74/60/1 1282/56/1
f 44/43/1 46/45/1 82/45/1 80/43/1
f 42/41/1 44/43/1 80/43/1 78/41/1
f 40/40/1 42/41/1 78/41/1 76/40/1
f 39/39/2 37/2/2 75/39/2
f 35/1/2 33/17/2 72/61/2
f 34/62/1 36/63/1 73/60/1
f 32/64/1 34/62/1 73/56/1
f 30/28/1 32/64/1 73/57/1
f 2350/65/1 73/56/1 1280/66/1
f 70/33/2 2341/67/2 2342/68/2
f 2347/69/2 2341/67/2 70/33/2
f 2346/70/2 2347/69/2 70/33/2
f 24/71/2 1273/72/2 73/73/2
f 1275/58/2 73/56/2 1273/72/2
f 6/74/1 8/31/1 70/75/1
f 7/76/2 5/77/2 69/78/2
f 62/54/1 64/26/1 92/26/1 91/54/1
f 60/52/1 62/54/1 91/54/1 2380/52/1
f 58/50/1 60/52/1 2380/52/1 90/50/1
f 56/48/1 58/50/1 90/50/1 88/48/1
f 54/5/1 56/48/1 88/48/1 87/5/1
f 53/47/2 51/46/2 85/46/2 86/47/2
f 51/46/2 49/23/2 84/23/2 85/46/2
f 45/30/2 43/44/2 79/44/2 81/30/2
f 43/44/2 41/42/2 77/42/2 79/44/2
f 41/42/2 39/39/2 75/39/2 77/42/2
f 2/14/2 67/13/2 2384/13/2
f 12/19/2 9/79/2 69/80/2
f 9/79/2 7/76/2 69/81/2
f 59/53/2 57/51/2 89/51/2 2379/53/2
f 57/51/2 55/49/2 2378/49/2 89/51/2
f 55/49/2 53/47/2 86/47/2 2378/49/2
f 36/63/1 38/82/1 73/83/1
f 4/9/1 6/74/1 70/75/1
f 135/45/2 137/20/2 2366/20/2 2364/45/2
f 154/21/1 152/27/1 2374/27/1 181/21/1
f 117/29/2 119/28/2 164/29/2
f 136/22/1 134/30/1 170/30/1 2365/22/1
f 99/31/2 101/24/2 160/31/2
f 118/25/1 116/32/1 163/25/1
f 59/53/1 61/55/1 2381/55/1 2379/53/1
f 100/79/1 98/76/1 161/79/1
f 133/43/2 135/45/2 2364/45/2 2363/43/2
f 152/27/1 150/55/1 178/55/1 2374/27/1
f 115/73/2 117/29/2 164/73/2
f 26/73/2 24/71/2 73/73/2
f 97/74/2 99/31/2 160/74/2
f 116/32/1 114/84/1 163/32/1
f 149/52/2 151/54/2 179/54/2 2373/52/2
f 98/76/1 96/77/1 161/76/1
f 131/41/2 133/43/2 2363/43/2 168/41/2
f 150/55/1 148/53/1 2372/53/1 178/55/1
f 113/71/2 115/73/2 164/71/2
f 114/84/1 112/85/1 163/84/1
f 147/50/2 149/52/2 2373/52/2 177/50/2
f 95/9/2 97/74/2 160/74/2 2359/9/2
f 23/85/1 25/84/1 72/85/1
f 148/53/1 146/51/1 2371/51/1 2372/53/1
f 96/86/1 94/86/1 2358/86/1 161/86/1
f 130/42/1 128/39/1 2362/39/1 167/42/1
f 6/74/2 4/9/2 2375/9/2 70/74/2
f 127/86/2 129/86/2 166/86/2 2361/86/2
f 146/51/1 144/49/1 2370/49/1 2371/51/1
f 141/6/1 2369/6/1 175/5/1 143/5/1
f 160/36/1 2351/35/1 2352/33/1
f 160/38/1 159/38/1 2351/35/1
f 2362/39/17 167/42/17 168/41/17 166/40/17
f 167/42/18 169/44/18 2363/43/18 168/41/18
f 169/44/19 170/30/19 2364/45/19 2363/43/19
f 170/30/20 2365/22/20 2366/20/20 2364/45/20
f 2365/22/21 173/23/21 2367/12/21 2366/20/21
f 173/23/22 2368/46/22 2369/6/22 2367/12/22
f 2368/46/23 174/47/23 175/5/23 2369/6/23
f 174/47/24 2370/49/24 176/48/24 175/5/24
f 2370/49/25 2371/51/25 177/50/25 176/48/25
f 2371/51/26 2372/53/26 2373/52/26 177/50/26
f 2372/53/27 178/55/27 179/54/27 2373/52/27
f 178/55/28 2374/27/28 180/26/28 179/54/28
f 2374/27/29 181/21/29 182/18/29 180/26/29
f 181/21/30 183/13/30 184/10/30 182/18/30
f 164/57/1 2357/87/1 1380/56/1
f 164/56/1 1380/88/1 165/60/1
f 2/14/1 5/77/1 69/77/1 2376/14/1
f 129/40/1 166/40/1 168/41/1 131/41/1
f 128/39/2 2362/39/2 126/2/2
f 124/1/2 163/89/2 122/17/2
f 123/62/1 164/83/1 125/63/1
f 121/64/1 164/60/1 123/62/1
f 164/57/2 2356/90/2 1388/91/2
f 164/57/2 1385/6/2 2356/90/2
f 1388/91/2 2355/92/2 164/57/2
f 2355/92/2 113/71/2 164/57/2
f 1399/93/2 160/36/2 1397/48/2
f 160/36/2 2353/94/2 1393/95/2
f 101/24/1 160/33/1 103/15/1
f 40/40/2 38/82/2 171/82/2 76/40/2
f 155/18/1 182/18/1 184/10/1 157/10/1
f 153/26/1 180/26/1 182/18/1 155/18/1
f 151/54/1 179/54/1 180/26/1 153/26/1
f 145/48/1 176/48/1 177/50/1 147/50/1
f 143/5/1 175/5/1 176/48/1 145/48/1
f 142/47/2 174/47/2 2368/46/2 140/46/2
f 140/46/2 2368/46/2 173/23/2 138/23/2
f 138/23/2 173/23/2 2365/22/2 136/22/2
f 37/2/1 39/39/1 75/39/1 172/2/1
f 134/30/2 170/30/2 169/44/2 132/44/2
f 132/44/2 169/44/2 167/42/2 130/42/2
f 94/14/2 183/13/2 156/13/2
f 122/17/2 163/96/2 120/16/2
f 120/16/2 163/97/2 118/25/2
f 102/19/2 161/81/2 100/79/2
f 156/13/2 183/13/2 181/21/2 154/21/2
f 38/82/2 36/63/2 73/63/2 171/82/2
f 20/70/2 18/7/2 70/70/2
f 2384/13/31 2376/98/31 2375/9/31 2385/10/31
f 144/49/2 2370/49/2 174/47/2 142/47/2
f 125/63/1 164/83/1 127/82/1
f 95/9/1 160/75/1 97/74/1
f 902/86/1 904/86/1 2333/86/1
f 898/86/1 902/86/1 2333/86/1
f 895/86/1 898/86/1 2333/86/1
f 906/86/1 895/86/1 2333/86/1
f 189/99/32 190/100/32 2328/101/32 2334/102/32
f 190/100/33 185/103/33 2329/104/33 2328/105/33
f 195/86/34 198/86/34 186/86/34
f 520/86/2 632/86/2 640/86/2 507/86/2
f 507/86/2 640/86/2 651/86/2 493/86/2
f 493/86/1 498/86/1 645/86/1 651/86/1
f 498/86/2 645/86/2 647/86/2 502/86/2
f 502/86/2 647/86/2 644/86/2 501/86/2
f 501/86/1 491/86/1 649/86/1 644/86/1
f 491/86/1 492/86/1 643/86/1 649/86/1
f 492/86/2 643/86/2 661/86/2 506/86/2
f 506/86/2 661/86/2 659/86/2 497/86/2
f 497/86/1 488/86/1 667/86/1 659/86/1
f 488/86/2 667/86/2 668/86/2 481/86/2
f 481/86/2 668/86/2 653/86/2 489/86/2
f 489/86/1 477/86/1 666/86/1 653/86/1
f 477/86/1 485/86/1 669/86/1 666/86/1
f 485/86/1 484/86/1 654/86/1 669/86/1
f 484/86/2 654/86/2 657/86/2 486/86/2
f 486/86/1 461/86/1 699/86/1 657/86/1
f 461/86/1 463/86/1 684/86/1 699/86/1
f 463/86/2 684/86/2 685/86/2 470/86/2
f 470/86/2 685/86/2 686/86/2 474/86/2
f 474/86/2 686/86/2 674/86/2 458/86/2
f 458/86/1 459/86/1 675/86/1 674/86/1
f 459/86/2 675/86/2 677/86/2 466/86/2
f 466/86/2 677/86/2 690/86/2 467/86/2
f 467/86/2 690/86/2 673/86/2 464/86/2
f 464/86/2 673/86/2 676/86/2 456/86/2
f 456/86/1 457/86/1 691/86/1 676/86/1
f 457/86/2 691/86/2 671/86/2 454/86/2
f 454/86/2 671/86/2 670/86/2 452/86/2
f 452/86/2 670/86/2 687/86/2 449/86/2
f 449/86/2 687/86/2 689/86/2 448/86/2
f 448/86/2 689/86/2 701/86/2 447/86/2
f 685/86/35 686/86/35 942/86/35 941/86/35
f 577/86/36 582/86/36 838/86/36 833/86/36
f 494/86/37 499/86/37 755/86/37 750/86/37
f 687/86/38 689/86/38 945/86/38 943/86/38
f 574/86/39 577/86/39 833/86/39 830/86/39
f 499/86/40 500/86/40 756/86/40 755/86/40
f 670/86/41 687/86/41 943/86/41 926/86/41
f 578/86/42 580/86/42 836/86/42 834/86/42
f 498/86/43 493/86/43 749/86/43 754/86/43
f 689/86/44 701/86/44 957/86/44 945/86/44
f 581/86/45 578/86/45 834/86/45 837/86/45
f 502/86/46 501/86/46 757/86/46 758/86/46
f 680/86/47 688/86/47 944/86/47 936/86/47
f 582/86/48 583/86/48 839/86/48 838/86/48
f 498/86/49 502/86/49 758/86/49 754/86/49
f 690/86/50 673/86/50 929/86/50 946/86/50
f 583/86/51 576/86/51 832/86/51 839/86/51
f 491/86/52 501/86/52 757/86/52 747/86/52
f 676/86/53 691/86/53 947/86/53 932/86/53
f 579/86/54 574/86/54 830/86/54 835/86/54
f 496/86/55 494/86/55 750/86/55 752/86/55
f 677/86/56 690/86/56 946/86/56 933/86/56
f 584/86/57 579/86/57 835/86/57 840/86/57
f 504/86/58 505/86/58 761/86/58 760/86/58
f 683/86/59 672/86/59 928/86/59 939/86/59
f 580/86/60 575/86/60 831/86/60 836/86/60
f 503/86/61 505/86/61 761/86/61 759/86/61
f 688/86/62 682/86/62 938/86/62 944/86/62
f 586/86/63 581/86/63 837/86/63 842/86/63
f 447/86/44 446/86/44 702/86/44 703/86/44
f 506/86/64 497/86/64 753/86/64 762/86/64
f 691/86/65 671/86/65 927/86/65 947/86/65
f 576/86/66 586/86/66 842/86/66 832/86/66
f 492/86/67 506/86/67 762/86/67 748/86/67
f 692/86/68 693/86/68 949/86/68 948/86/68
f 588/86/69 587/86/69 843/86/69 844/86/69
f 495/86/70 504/86/70 760/86/70 751/86/70
f 672/86/71 695/86/71 951/86/71 928/86/71
f 587/86/72 589/86/72 845/86/72 843/86/72
f 520/86/73 507/86/73 763/86/73 776/86/73
f 694/86/74 700/86/74 956/86/74 950/86/74
f 591/86/75 590/86/75 846/86/75 847/86/75
f 510/86/40 508/86/40 764/86/40 766/86/40
f 696/86/76 694/86/76 950/86/76 952/86/76
f 592/86/77 593/86/77 849/86/77 848/86/77
f 511/86/78 509/86/78 765/86/78 767/86/78
f 695/86/79 696/86/79 952/86/79 951/86/79
f 594/86/80 602/86/80 858/86/80 850/86/80
f 513/86/43 512/86/43 768/86/43 769/86/43
f 698/86/81 697/86/81 953/86/81 954/86/81
f 596/86/82 595/86/82 851/86/82 852/86/82
f 500/86/83 515/86/83 771/86/83 756/86/83
f 697/86/84 692/86/84 948/86/84 953/86/84
f 598/86/85 597/86/85 853/86/85 854/86/85
f 517/86/52 511/86/52 767/86/52 773/86/52
f 693/86/86 656/86/86 912/86/86 949/86/86
f 595/86/87 601/86/87 857/86/87 851/86/87
f 516/86/88 508/86/88 764/86/88 772/86/88
f 699/86/89 684/86/89 940/86/89 955/86/89
f 599/86/90 588/86/90 844/86/90 855/86/90
f 517/86/46 518/86/46 774/86/46 773/86/46
f 657/86/91 699/86/91 955/86/91 913/86/91
f 600/86/92 596/86/92 852/86/92 856/86/92
f 512/86/93 518/86/93 774/86/93 768/86/93
f 700/86/94 698/86/94 954/86/94 956/86/94
f 601/86/95 592/86/95 848/86/95 857/86/95
f 515/86/96 514/86/96 770/86/96 771/86/96
f 701/86/97 681/86/97 937/86/97 957/86/97
f 603/86/98 594/86/98 850/86/98 859/86/98
f 519/86/99 513/86/99 769/86/99 775/86/99
f 597/86/100 600/86/100 856/86/100 853/86/100
f 514/86/101 519/86/101 775/86/101 770/86/101
f 604/86/102 598/86/102 854/86/102 860/86/102
f 522/86/103 521/86/103 777/86/103 778/86/103
f 589/86/104 591/86/104 847/86/104 845/86/104
f 521/86/105 516/86/105 772/86/105 777/86/105
f 585/86/106 603/86/106 859/86/106 841/86/106
f 510/86/107 523/86/107 779/86/107 766/86/107
f 602/86/108 599/86/108 855/86/108 858/86/108
f 523/86/109 520/86/109 776/86/109 779/86/109
f 593/86/110 584/86/110 840/86/110 849/86/110
f 537/86/111 524/86/111 780/86/111 793/86/111
f 606/86/112 605/86/112 861/86/112 862/86/112
f 528/86/113 527/86/113 783/86/113 784/86/113
f 590/86/114 610/86/114 866/86/114 846/86/114
f 534/86/61 522/86/61 778/86/61 790/86/61
f 610/86/115 616/86/115 872/86/115 866/86/115
f 530/86/116 529/86/116 785/86/116 786/86/116
f 608/86/117 611/86/117 867/86/117 864/86/117
f 525/86/118 531/86/118 787/86/118 781/86/118
f 611/86/119 614/86/119 870/86/119 867/86/119
f 526/86/120 533/86/120 789/86/120 782/86/120
f 612/86/111 620/86/111 876/86/111 868/86/111
f 536/86/64 535/86/64 791/86/64 792/86/64
f 618/86/121 612/86/121 868/86/121 874/86/121
f 527/86/122 534/86/122 790/86/122 783/86/122
f 613/86/118 609/86/118 865/86/118 869/86/118
f 529/86/123 538/86/123 794/86/123 785/86/123
f 615/86/116 608/86/116 864/86/116 871/86/116
f 532/86/117 530/86/117 786/86/117 788/86/117
f 616/86/123 615/86/123 871/86/123 872/86/123
f 537/86/124 531/86/124 787/86/124 793/86/124
f 617/86/125 618/86/125 874/86/125 873/86/125
f 536/86/126 526/86/126 782/86/126 792/86/126
f 614/86/120 607/86/120 863/86/120 870/86/120
f 524/86/121 539/86/121 795/86/121 780/86/121
f 607/86/126 619/86/126 875/86/126 863/86/126
f 509/86/127 535/86/127 791/86/127 765/86/127
f 609/86/128 606/86/128 862/86/128 865/86/128
f 528/86/129 539/86/129 795/86/129 784/86/129
f 605/86/130 604/86/130 860/86/130 861/86/130
f 533/86/119 532/86/119 788/86/119 789/86/119
f 620/86/131 613/86/131 869/86/131 876/86/131
f 541/86/69 540/86/69 796/86/69 797/86/69
f 624/86/109 636/86/109 892/86/109 880/86/109
f 548/86/100 542/86/100 798/86/100 804/86/100
f 625/86/132 621/86/132 877/86/132 881/86/132
f 525/86/133 544/86/133 800/86/133 781/86/133
f 638/86/52 625/86/52 881/86/52 894/86/52
f 553/86/134 544/86/134 800/86/134 809/86/134
f 627/86/135 626/86/135 882/86/135 883/86/135
f 543/86/84 549/86/84 805/86/84 799/86/84
f 628/86/113 617/86/113 873/86/113 884/86/113
f 542/86/85 550/86/85 806/86/85 798/86/85
f 629/86/61 633/86/61 889/86/61 885/86/61
f 550/86/102 551/86/102 807/86/102 806/86/102
f 631/86/101 632/86/101 888/86/101 887/86/101
f 540/86/90 546/86/90 802/86/90 796/86/90
f 621/86/93 630/86/93 886/86/93 877/86/93
f 547/86/136 552/86/136 808/86/136 803/86/136
f 622/86/103 629/86/103 885/86/103 878/86/103
f 547/86/92 548/86/92 804/86/92 803/86/92
f 633/86/122 628/86/122 884/86/122 889/86/122
f 543/86/104 554/86/104 810/86/104 799/86/104
f 619/86/137 634/86/137 890/86/137 875/86/137
f 541/86/94 554/86/94 810/86/94 797/86/94
f 630/86/43 635/86/43 891/86/43 886/86/43
f 551/86/138 553/86/138 809/86/138 807/86/138
f 635/86/99 631/86/99 887/86/99 891/86/99
f 545/86/139 549/86/139 805/86/139 801/86/139
f 449/86/140 448/86/140 704/86/140 705/86/140
f 623/86/105 622/86/105 878/86/105 879/86/105
f 538/86/115 545/86/115 801/86/115 794/86/115
f 446/86/38 450/86/38 706/86/38 702/86/38
f 636/86/107 627/86/107 883/86/107 892/86/107
f 546/86/108 555/86/108 811/86/108 802/86/108
f 450/86/41 451/86/41 707/86/41 706/86/41
f 626/86/88 623/86/88 879/86/88 882/86/88
f 556/86/98 557/86/98 813/86/98 812/86/98
f 452/86/47 449/86/47 705/86/47 708/86/47
f 637/86/78 638/86/78 894/86/78 893/86/78
f 572/86/141 557/86/141 813/86/141 828/86/141
f 451/86/142 453/86/142 709/86/142 707/86/142
f 634/86/127 637/86/127 893/86/127 890/86/127
f 567/86/48 558/86/48 814/86/48 823/86/48
f 454/86/62 452/86/62 708/86/62 710/86/62
f 639/86/49 642/86/49 898/86/49 895/86/49
f 560/86/50 559/86/50 815/86/50 816/86/50
f 457/86/143 454/86/143 710/86/143 713/86/143
f 640/86/83 651/86/83 907/86/83 896/86/83
f 561/86/41 558/86/41 814/86/41 817/86/41
f 453/86/65 455/86/65 711/86/65 709/86/65
f 448/86/97 447/86/97 703/86/97 704/86/97
f 642/86/144 646/86/144 902/86/144 898/86/144
f 573/86/87 552/86/87 808/86/87 829/86/87
f 457/86/145 456/86/145 712/86/145 713/86/145
f 645/86/37 647/86/37 903/86/37 901/86/37
f 555/86/80 556/86/80 812/86/80 811/86/80
f 459/86/90 458/86/90 714/86/90 715/86/90
f 646/86/146 648/86/146 904/86/146 902/86/146
f 566/86/63 562/86/63 818/86/63 822/86/63
f 463/86/75 461/86/75 717/86/75 719/86/75
f 649/86/147 643/86/147 899/86/147 905/86/147
f 562/86/66 563/86/66 819/86/66 818/86/66
f 460/86/148 462/86/148 718/86/148 716/86/148
f 644/86/149 649/86/149 905/86/149 900/86/149
f 565/86/60 564/86/60 820/86/60 821/86/60
f 455/86/53 465/86/53 721/86/53 711/86/53
f 650/86/46 639/86/46 895/86/46 906/86/46
f 561/86/39 568/86/39 824/86/39 817/86/39
f 464/86/141 456/86/141 712/86/141 720/86/141
f 632/86/96 640/86/96 896/86/96 888/86/96
f 569/86/110 559/86/110 815/86/110 825/86/110
f 466/86/71 467/86/71 723/86/71 722/86/71
f 648/86/73 624/86/73 880/86/73 904/86/73
f 568/86/54 570/86/54 826/86/54 824/86/54
f 471/86/92 468/86/92 724/86/92 727/86/92
f 647/86/55 644/86/55 900/86/55 903/86/55
f 570/86/57 569/86/57 825/86/57 826/86/57
f 471/86/35 469/86/35 725/86/35 727/86/35
f 641/86/150 650/86/150 906/86/150 897/86/150
f 564/86/42 571/86/42 827/86/42 820/86/42
f 462/86/136 468/86/136 724/86/136 718/86/136
f 651/86/40 645/86/40 901/86/40 907/86/40
f 572/86/145 565/86/145 821/86/145 828/86/145
f 472/86/56 460/86/56 716/86/56 728/86/56
f 653/86/124 666/86/124 922/86/124 909/86/124
f 571/86/45 566/86/45 822/86/45 827/86/45
f 474/86/74 458/86/74 714/86/74 730/86/74
f 655/86/151 652/86/151 908/86/151 911/86/151
f 560/86/95 573/86/95 829/86/95 816/86/95
f 463/86/81 470/86/81 726/86/81 719/86/81
f 654/86/152 657/86/152 913/86/152 910/86/152
f 563/86/51 567/86/51 823/86/51 819/86/51
f 470/86/94 474/86/94 730/86/94 726/86/94
f 643/86/58 661/86/58 917/86/58 899/86/58
f 469/86/153 475/86/153 731/86/153 725/86/153
f 658/86/154 641/86/154 897/86/154 914/86/154
f 467/86/59 464/86/59 720/86/59 723/86/59
f 661/86/70 659/86/70 915/86/70 917/86/70
f 459/86/79 466/86/79 722/86/79 715/86/79
f 660/86/64 662/86/64 918/86/64 916/86/64
f 473/86/110 465/86/110 721/86/110 729/86/110
f 662/86/67 658/86/67 914/86/67 918/86/67
f 473/86/50 472/86/50 728/86/50 729/86/50
f 663/86/155 664/86/155 920/86/155 919/86/155
f 479/86/133 476/86/133 732/86/133 735/86/133
f 665/86/156 655/86/156 911/86/156 921/86/156
f 485/86/116 477/86/116 733/86/116 741/86/116
f 666/86/157 669/86/157 925/86/157 922/86/157
f 479/86/158 478/86/158 734/86/158 735/86/158
f 667/86/159 668/86/159 924/86/159 923/86/159
f 480/86/91 478/86/91 734/86/91 736/86/91
f 668/86/160 653/86/160 909/86/160 924/86/160
f 482/86/124 483/86/124 739/86/124 738/86/124
f 652/86/161 660/86/161 916/86/161 908/86/161
f 488/86/151 481/86/151 737/86/151 744/86/151
f 669/86/133 654/86/133 910/86/133 925/86/133
f 484/86/123 485/86/123 741/86/123 740/86/123
f 656/86/162 663/86/162 919/86/162 912/86/162
f 484/86/86 486/86/86 742/86/86 740/86/86
f 659/86/129 667/86/129 923/86/129 915/86/129
f 490/86/121 487/86/121 743/86/121 746/86/121
f 664/86/163 665/86/163 921/86/163 920/86/163
f 483/86/160 487/86/160 743/86/160 739/86/160
f 671/86/142 670/86/142 926/86/142 927/86/142
f 476/86/157 482/86/157 738/86/157 732/86/157
f 673/86/164 676/86/164 932/86/164 929/86/164
f 481/86/156 489/86/156 745/86/156 737/86/156
f 674/86/136 675/86/136 931/86/136 930/86/136
f 477/86/117 489/86/117 745/86/117 733/86/117
f 675/86/148 677/86/148 933/86/148 931/86/148
f 461/86/114 486/86/114 742/86/114 717/86/114
f 679/86/165 678/86/165 934/86/165 935/86/165
f 475/86/89 480/86/89 736/86/89 731/86/89
f 681/86/140 680/86/140 936/86/140 937/86/140
f 492/86/78 491/86/78 747/86/78 748/86/78
f 678/86/141 683/86/141 939/86/141 934/86/141
f 507/86/146 493/86/146 749/86/146 763/86/146
f 682/86/143 679/86/143 935/86/143 938/86/143
f 490/86/129 495/86/129 751/86/129 746/86/129
f 684/86/153 685/86/153 941/86/153 940/86/153
f 503/86/149 496/86/149 752/86/149 759/86/149
f 686/86/166 674/86/166 930/86/166 942/86/166
f 575/86/145 585/86/145 841/86/145 831/86/145
f 488/86/126 497/86/126 753/86/126 744/86/126
f 958/14/101 959/106/101 961/107/101 960/108/101
f 960/108/99 961/107/99 963/109/99 962/110/99
f 962/110/43 963/109/43 965/111/43 964/112/43
f 964/112/93 965/111/93 967/74/93 966/77/93
f 966/77/132 967/74/132 969/113/132 968/114/132
f 968/114/52 969/113/52 971/115/52 970/116/52
f 970/116/78 971/115/78 973/117/78 972/118/78
f 972/118/127 973/117/127 975/31/127 974/76/127
f 974/76/137 975/31/137 977/119/137 976/120/137
f 976/120/126 977/119/126 979/121/126 978/122/126
f 978/122/120 979/121/120 981/123/120 980/124/120
f 980/124/167 981/123/167 983/24/167 982/79/167
f 982/79/117 983/24/117 985/125/117 984/126/117
f 984/126/116 985/125/116 987/127/116 986/128/116
f 986/128/123 987/127/123 989/129/123 988/130/123
f 988/130/115 989/129/115 991/15/115 990/19/115
f 990/19/114 991/15/114 993/131/114 992/132/114
f 992/132/75 993/131/75 995/133/75 994/134/75
f 994/134/104 995/133/104 997/135/104 996/136/104
f 996/136/72 997/135/72 999/8/72 998/11/72
f 998/11/69 999/8/69 1001/137/69 1000/138/69
f 1000/138/90 1001/137/90 1003/139/90 1002/140/90
f 1002/140/108 1003/139/108 1005/141/108 1004/142/108
f 1004/142/80 1005/141/80 1007/7/80 1006/3/80
f 1006/3/98 1007/7/98 1009/143/98 1008/144/98
f 1008/144/106 1009/143/106 1011/145/106 1010/146/106
f 1010/146/145 1011/145/145 1013/147/145 1012/148/145
f 1012/148/60 1013/147/60 1015/70/60 1014/4/60
f 1014/4/42 1015/70/42 1017/69/42 1016/149/42
f 1016/149/45 1017/69/45 1019/67/45 1018/150/45
f 1018/150/63 1019/67/63 1021/68/63 1020/151/63
f 1020/151/66 1021/68/66 1023/152/66 1022/153/66
f 1022/153/51 1023/152/51 1025/72/51 1024/154/51
f 1024/154/48 1025/72/48 1027/58/48 1026/155/48
f 1026/155/36 1027/58/36 1029/59/36 1028/156/36
f 1028/156/39 1029/59/39 1031/71/39 1030/85/39
f 1030/85/54 1031/71/54 1033/65/54 1032/157/54
f 1032/157/57 1033/65/57 1035/66/57 1034/158/57
f 1034/158/110 1035/66/110 1037/159/110 1036/160/110
f 1036/160/77 1037/159/77 1039/73/77 1038/84/77
f 1038/84/95 1039/73/95 1041/161/95 1040/162/95
f 1040/162/87 1041/161/87 1043/163/87 1042/164/87
f 1042/164/82 1043/163/82 1045/165/82 1044/166/82
f 1044/166/92 1045/165/92 1047/29/92 1046/32/92
f 1046/32/100 1047/29/100 1049/167/100 1048/168/100
f 1048/168/85 1049/167/85 1051/169/85 1050/170/85
f 1050/170/102 1051/169/102 1053/171/102 1052/172/102
f 1052/172/130 1053/171/130 1055/28/130 1054/25/130
f 1054/25/158 1055/28/158 1057/173/158 1056/174/158
f 1056/174/128 1057/173/128 1059/175/128 1058/176/128
f 1058/176/118 1059/175/118 1061/177/118 1060/178/118
f 1060/178/131 1061/177/131 1063/64/131 1062/16/131
f 1062/16/168 1063/64/168 1065/179/168 1064/180/168
f 1064/180/121 1065/179/121 1067/181/121 1066/182/121
f 1066/182/125 1067/181/125 1069/183/125 1068/184/125
f 1068/184/113 1069/183/113 1071/62/113 1070/17/113
f 1070/17/122 1071/62/122 1073/185/122 1072/186/122
f 1072/186/61 1073/185/61 1075/187/61 1074/188/61
f 1074/188/103 1075/187/103 1077/189/103 1076/190/103
f 1076/190/105 1077/189/105 1079/63/105 1078/1/105
f 1078/1/88 1079/63/88 1081/191/88 1080/192/88
f 1080/192/135 1081/191/135 1083/193/135 1082/194/135
f 1082/194/107 1083/193/107 1085/195/107 1084/196/107
f 1084/196/109 1085/195/109 1087/82/109 1086/2/109
f 1086/2/73 1087/82/73 1089/197/73 1088/198/73
f 1088/198/146 1089/197/146 1091/199/146 1090/200/146
f 1090/200/144 1091/199/144 1093/201/144 1092/202/144
f 1092/202/49 1093/201/49 1095/40/49 1094/39/49
f 1094/39/46 1095/40/46 1097/203/46 1096/204/46
f 1096/204/150 1097/203/150 1099/205/150 1098/206/150
f 1098/206/154 1099/205/154 1101/207/154 1100/208/154
f 1100/208/67 1101/207/67 1103/41/67 1102/42/67
f 1102/42/64 1103/41/64 1105/209/64 1104/210/64
f 1104/210/161 1105/209/161 1107/211/161 1106/212/161
f 1106/212/151 1107/211/151 1109/213/151 1108/214/151
f 1108/214/156 1109/213/156 1111/43/156 1110/44/156
f 1110/44/163 1111/43/163 1113/215/163 1112/216/163
f 1112/216/155 1113/215/155 1115/217/155 1114/218/155
f 1114/218/162 1115/217/162 1117/219/162 1116/220/162
f 1116/220/86 1117/219/86 1119/45/86 1118/30/86
f 1118/30/68 1119/45/68 1121/221/68 1120/222/68
f 1120/222/84 1121/221/84 1123/223/84 1122/224/84
f 1122/224/81 1123/223/81 1125/225/81 1124/226/81
f 1124/226/94 1125/225/94 1127/20/94 1126/22/94
f 1126/22/74 1127/20/74 1129/227/74 1128/228/74
f 1128/228/76 1129/227/76 1131/229/76 1130/230/76
f 1130/230/79 1131/229/79 1133/231/79 1132/232/79
f 1132/232/71 1133/231/71 1135/12/71 1134/23/71
f 1134/23/59 1135/12/59 1137/233/59 1136/234/59
f 1136/234/141 1137/233/141 1139/235/141 1138/236/141
f 1138/236/165 1139/235/165 1141/237/165 1140/238/165
f 1140/238/143 1141/237/143 1143/6/143 1142/46/143
f 1142/46/62 1143/6/62 1145/90/62 1144/239/62
f 1144/239/47 1145/90/47 1147/91/47 1146/240/47
f 1146/240/140 1147/91/140 1149/92/140 1148/241/140
f 1148/241/97 1149/92/97 1151/5/97 1150/47/97
f 1150/47/44 1151/5/44 1153/94/44 1152/242/44
f 1152/242/38 1153/94/38 1155/95/38 1154/243/38
f 1154/243/41 1155/95/41 1157/244/41 1156/245/41
f 1156/245/142 1157/244/142 1159/48/142 1158/49/142
f 1158/49/65 1159/48/65 1161/93/65 1160/246/65
f 1160/246/53 1161/93/53 1163/247/53 1162/248/53
f 1162/248/164 1163/247/164 1165/249/164 1164/250/164
f 1164/250/50 1165/249/50 1167/50/50 1166/51/50
f 1166/51/56 1167/50/56 1169/251/56 1168/252/56
f 1168/252/148 1169/251/148 1171/253/148 1170/254/148
f 1170/254/136 1171/253/136 1173/255/136 1172/256/136
f 1172/256/166 1173/255/166 1175/52/166 1174/53/166
f 1174/53/35 1175/52/35 1177/257/35 1176/258/35
f 1176/258/153 1177/257/153 1179/259/153 1178/260/153
f 1178/260/89 1179/259/89 1181/261/89 1180/262/89
f 1180/262/91 1181/261/91 1183/54/91 1182/55/91
f 1182/55/152 1183/54/152 1185/263/152 1184/264/152
f 1184/264/133 1185/263/133 1187/265/133 1186/266/133
f 1186/266/157 1187/265/157 1189/267/157 1188/268/157
f 1188/268/124 1189/267/124 1191/26/124 1190/27/124
f 1190/27/160 1191/26/160 1193/269/160 1192/270/160
f 1192/270/159 1193/269/159 1195/271/159 1194/272/159
f 1194/272/129 1195/271/129 1197/273/129 1196/274/129
f 1196/274/70 1197/273/70 1199/18/70 1198/21/70
f 1198/21/58 1199/18/58 1201/275/58 1200/276/58
f 1200/276/147 1201/275/147 1203/277/147 1202/278/147
f 1202/278/149 1203/277/149 1205/279/149 1204/280/149
f 1204/280/55 1205/279/55 1207/10/55 1206/13/55
f 1206/13/37 1207/10/37 1209/281/37 1208/282/37
f 1208/282/40 1209/281/40 1211/283/40 1210/284/40
f 1265/145/2 1502/145/2 1504/147/2 2345/147/2
f 1210/284/83 1211/283/83 1213/285/83 1212/286/83
f 1212/286/96 1213/285/96 959/9/96 958/98/96
f 2345/147/2 1504/147/2 1506/70/2 2346/70/2
f 2346/70/2 1506/70/2 1508/69/2 2347/69/2
f 2347/69/2 1508/69/2 1510/67/2 2341/67/2
f 2341/67/2 1510/67/2 1512/68/2 2342/68/2
f 2342/68/2 1512/68/2 1514/152/2 2343/152/2
f 1705/14/101 1706/106/101 1708/107/101 1707/108/101
f 1707/108/99 1708/107/99 1710/109/99 1709/110/99
f 1709/110/43 1710/109/43 1712/111/43 1711/112/43
f 1711/112/93 1712/111/93 1714/74/93 1713/77/93
f 1713/77/132 1714/74/132 1716/113/132 1715/114/132
f 1715/114/52 1716/113/52 1718/115/52 1717/116/52
f 1717/116/78 1718/115/78 1720/117/78 1719/118/78
f 1719/118/127 1720/117/127 1722/31/127 1721/76/127
f 1721/76/137 1722/31/137 1724/119/137 1723/120/137
f 1723/120/126 1724/119/126 1726/121/126 1725/122/126
f 1725/122/120 1726/121/120 1728/123/120 1727/124/120
f 1727/124/167 1728/123/167 1730/24/167 1729/79/167
f 1729/79/117 1730/24/117 1732/125/117 1731/126/117
f 1731/126/116 1732/125/116 1734/127/116 1733/128/116
f 1733/128/123 1734/127/123 1736/129/123 1735/130/123
f 1735/130/115 1736/129/115 1738/15/115 1737/19/115
f 1737/19/114 1738/15/114 1740/131/114 1739/132/114
f 1739/132/75 1740/131/75 1742/133/75 1741/134/75
f 1741/134/104 1742/133/104 1744/135/104 1743/136/104
f 1743/136/72 1744/135/72 1746/8/72 1745/11/72
f 1745/11/69 1746/8/69 1748/137/69 1747/138/69
f 1747/138/90 1748/137/90 1750/139/90 1749/140/90
f 1749/140/108 1750/139/108 1752/141/108 1751/142/108
f 1751/142/80 1752/141/80 1754/7/80 1753/3/80
f 1753/3/98 1754/7/98 1756/143/98 1755/144/98
f 1755/144/106 1756/143/106 1758/145/106 1757/146/106
f 1757/146/145 1758/145/145 1760/147/145 1759/148/145
f 1759/148/60 1760/147/60 1762/70/60 1761/4/60
f 1761/4/42 1762/70/42 1764/69/42 1763/149/42
f 1763/149/45 1764/69/45 1766/67/45 1765/150/45
f 1765/150/63 1766/67/63 1768/68/63 1767/151/63
f 1767/151/66 1768/68/66 1770/152/66 1769/153/66
f 1769/153/51 1770/152/51 1772/72/51 1771/154/51
f 1771/154/48 1772/72/48 1774/58/48 1773/155/48
f 1773/155/36 1774/58/36 1776/59/36 1775/156/36
f 1775/156/39 1776/59/39 1778/71/39 1777/85/39
f 1777/85/54 1778/71/54 1780/65/54 1779/157/54
f 1779/157/57 1780/65/57 1782/66/57 1781/158/57
f 1781/158/110 1782/66/110 1784/159/110 1783/160/110
f 1783/160/77 1784/159/77 1786/73/77 1785/84/77
f 1785/84/95 1786/73/95 1788/161/95 1787/162/95
f 1787/162/87 1788/161/87 1790/163/87 1789/164/87
f 1789/164/82 1790/163/82 1792/165/82 1791/166/82
f 1791/166/92 1792/165/92 1794/29/92 1793/32/92
f 1793/32/100 1794/29/100 1796/167/100 1795/168/100
f 1795/168/85 1796/167/85 1798/169/85 1797/170/85
f 1797/170/102 1798/169/102 1800/171/102 1799/172/102
f 1799/172/130 1800/171/130 1802/28/130 1801/25/130
f 1801/25/158 1802/28/158 1804/173/158 1803/174/158
f 1803/174/128 1804/173/128 1806/175/128 1805/176/128
f 1805/176/118 1806/175/118 1808/177/118 1807/178/118
f 1807/178/131 1808/177/131 1810/64/131 1809/16/131
f 1809/16/168 1810/64/168 1812/179/168 1811/180/168
f 1811/180/121 1812/179/121 1814/181/121 1813/182/121
f 1813/182/125 1814/181/125 1816/183/125 1815/184/125
f 1815/184/113 1816/183/113 1818/62/113 1817/17/113
f 1817/17/122 1818/62/122 1820/185/122 1819/186/122
f 1819/186/61 1820/185/61 1822/187/61 1821/188/61
f 1821/188/103 1822/187/103 1824/189/103 1823/190/103
f 1823/190/105 1824/189/105 1826/63/105 1825/1/105
f 1825/1/88 1826/63/88 1828/191/88 1827/192/88
f 1827/192/135 1828/191/135 1830/193/135 1829/194/135
f 1829/194/107 1830/193/107 1832/195/107 1831/196/107
f 1831/196/109 1832/195/109 1834/82/109 1833/2/109
f 1833/2/73 1834/82/73 1836/197/73 1835/198/73
f 1835/198/146 1836/197/146 1838/199/146 1837/200/146
f 1837/200/144 1838/199/144 1840/201/144 1839/202/144
f 1839/202/49 1840/201/49 1842/40/49 1841/39/49
f 1841/39/46 1842/40/46 1844/203/46 1843/204/46
f 1843/204/150 1844/203/150 1846/205/150 1845/206/150
f 1845/206/154 1846/205/154 1848/207/154 1847/208/154
f 1847/208/67 1848/207/67 1850/41/67 1849/42/67
f 1849/42/64 1850/41/64 1852/209/64 1851/210/64
f 1851/210/161 1852/209/161 1854/211/161 1853/212/161
f 1853/212/151 1854/211/151 1856/213/151 1855/214/151
f 1855/214/156 1856/213/156 1858/43/156 1857/44/156
f 1857/44/163 1858/43/163 1860/215/163 1859/216/163
f 1859/216/155 1860/215/155 1862/217/155 1861/218/155
f 1861/218/162 1862/217/162 1864/219/162 1863/220/162
f 1863/220/86 1864/219/86 1866/45/86 1865/30/86
f 1865/30/68 1866/45/68 1868/221/68 1867/222/68
f 1867/222/84 1868/221/84 1870/223/84 1869/224/84
f 1869/224/81 1870/223/81 1872/225/81 1871/226/81
f 1871/226/94 1872/225/94 1874/20/94 1873/22/94
f 1873/22/74 1874/20/74 1876/227/74 1875/228/74
f 1875/228/76 1876/227/76 1878/229/76 1877/230/76
f 1877/230/79 1878/229/79 1880/231/79 1879/232/79
f 1879/232/71 1880/231/71 1882/12/71 1881/23/71
f 1881/23/59 1882/12/59 1884/233/59 1883/234/59
f 1883/234/141 1884/233/141 1886/235/141 1885/236/141
f 1885/236/165 1886/235/165 1888/237/165 1887/238/165
f 1887/238/143 1888/237/143 1890/6/143 1889/46/143
f 1889/46/62 1890/6/62 1892/90/62 1891/239/62
f 1891/239/47 1892/90/47 1894/91/47 1893/240/47
f 1893/240/140 1894/91/140 1896/92/140 1895/241/140
f 1895/241/97 1896/92/97 1898/5/97 1897/47/97
f 1897/47/44 1898/5/44 1900/94/44 1899/242/44
f 1899/242/38 1900/94/38 1902/95/38 1901/243/38
f 1901/243/41 1902/95/41 1904/244/41 1903/245/41
f 1903/245/142 1904/244/142 1906/48/142 1905/49/142
f 1905/49/65 1906/48/65 1908/93/65 1907/246/65
f 1907/246/53 1908/93/53 1910/247/53 1909/248/53
f 1909/248/164 1910/247/164 1912/249/164 1911/250/164
f 1911/250/50 1912/249/50 1914/50/50 1913/51/50
f 1913/51/56 1914/50/56 1916/251/56 1915/252/56
f 1915/252/148 1916/251/148 1918/253/148 1917/254/148
f 1917/254/136 1918/253/136 1920/255/136 1919/256/136
f 1919/256/166 1920/255/166 1922/52/166 1921/53/166
f 1921/53/35 1922/52/35 1924/257/35 1923/258/35
f 1923/258/153 1924/257/153 1926/259/153 1925/260/153
f 1925/260/89 1926/259/89 1928/261/89 1927/262/89
f 1927/262/91 1928/261/91 1930/54/91 1929/55/91
f 1929/55/152 1930/54/152 1932/263/152 1931/264/152
f 1931/264/133 1932/263/133 1934/265/133 1933/266/133
f 1933/266/157 1934/265/157 1936/267/157 1935/268/157
f 1935/268/124 1936/267/124 1938/26/124 1937/27/124
f 1937/27/160 1938/26/160 1940/269/160 1939/270/160
f 1939/270/159 1940/269/159 1942/271/159 1941/272/159
f 1941/272/129 1942/271/129 1944/273/129 1943/274/129
f 1943/274/70 1944/273/70 1946/18/70 1945/21/70
f 1945/21/58 1946/18/58 1948/275/58 1947/276/58
f 1947/276/147 1948/275/147 1950/277/147 1949/278/147
f 1949/278/149 1950/277/149 1952/279/149 1951/280/149
f 1951/280/55 1952/279/55 1954/10/55 1953/13/55
f 1953/13/37 1954/10/37 1956/281/37 1955/282/37
f 1955/282/40 1956/281/40 1958/283/40 1957/284/40
f 2343/152/2 1514/152/2 1516/72/2 1273/72/2
f 1957/284/83 1958/283/83 1960/285/83 1959/286/83
f 1959/286/96 1960/285/96 1706/9/96 1705/98/96
f 1273/72/2 1516/72/2 1518/58/2 1275/58/2
f 2344/143/2 1500/143/2 1502/145/2 1265/145/2
f 71/7/2 1498/7/2 1500/143/2 2344/143/2
f 1440/86/145 1438/86/145 2508/86/145 2509/86/145
f 1542/86/123 1544/86/123 2561/86/123 2560/86/123
f 1648/244/43 1646/95/43 2612/95/43 2613/244/43
f 1221/86/36 1219/86/36 2422/86/36 2423/86/36
f 1329/86/140 1327/86/140 2465/86/140 2466/86/140
f 1438/86/106 1436/86/106 2507/86/106 2508/86/106
f 1540/86/116 1542/86/116 2560/86/116 2559/86/116
f 1646/95/99 1644/94/99 2611/94/99 2612/95/99
f 1219/86/48 1217/86/48 2421/86/48 2422/86/48
f 1327/86/47 1325/86/47 2464/86/47 2465/86/47
f 1436/86/98 1434/86/98 2506/86/98 2507/86/98
f 1538/86/117 1540/86/117 2559/86/117 2558/86/117
f 1644/94/101 1642/5/101 2610/5/101 2611/94/101
f 1217/86/51 1215/86/51 2420/86/51 2421/86/51
f 1325/86/62 1323/86/62 2463/86/62 2464/86/62
f 1434/86/80 1432/86/80 2505/86/80 2506/86/80
f 1536/86/167 1538/86/167 2558/86/167 2557/86/167
f 1642/5/96 1640/92/96 2609/92/96 2610/5/96
f 1323/86/143 1321/86/143 2462/86/143 2463/86/143
f 1432/86/108 1430/86/108 2504/86/108 2505/86/108
f 1534/86/120 1536/86/120 2557/86/120 2556/86/120
f 1640/92/83 1638/91/83 2608/91/83 2609/92/83
f 1321/86/165 1319/86/165 2461/86/165 2462/86/165
f 1430/86/90 1428/86/90 2503/86/90 2504/86/90
f 1532/86/126 1534/86/126 2556/86/126 2555/86/126
f 1638/91/40 1636/90/40 2607/90/40 2608/91/40
f 1319/86/141 1317/86/141 2460/86/141 2461/86/141
f 1428/86/69 1426/86/69 2502/86/69 2503/86/69
f 1530/86/137 1532/86/137 2555/86/137 2554/86/137
f 1636/90/37 1634/6/37 2606/6/37 2607/90/37
f 1317/86/59 1315/86/59 2459/86/59 2460/86/59
f 1426/86/72 1424/86/72 2501/86/72 2502/86/72
f 1530/73/67 1528/159/67 2553/159/67 2554/73/67
f 1634/6/55 1632/237/55 2605/237/55 2606/6/55
f 1315/86/71 1313/86/71 2458/86/71 2459/86/71
f 1424/86/104 1422/86/104 2500/86/104 2501/86/104
f 1528/159/154 1526/66/154 2552/66/154 2553/159/154
f 1632/237/149 1630/235/149 2604/235/149 2605/237/149
f 1313/86/79 1311/86/79 2457/86/79 2458/86/79
f 1422/86/75 1420/86/75 2499/86/75 2500/86/75
f 1526/66/150 1524/65/150 2551/65/150 2552/66/150
f 1630/235/147 1628/233/147 2603/233/147 2604/235/147
f 1311/86/76 1309/86/76 2456/86/76 2457/86/76
f 1420/86/114 1418/86/114 2498/86/114 2499/86/114
f 1524/65/46 1522/71/46 2550/71/46 2551/65/46
f 1628/233/58 1626/12/58 2602/12/58 2603/233/58
f 1309/86/74 1307/86/74 2455/86/74 2456/86/74
f 1418/86/115 1416/86/115 2497/86/115 2498/86/115
f 2351/249/2 1656/249/2 1658/50/2 159/50/2
f 2352/247/2 1654/247/2 1656/249/2 2351/249/2
f 1399/93/2 1652/93/2 1654/247/2 2352/247/2
f 1397/48/2 1650/48/2 1652/93/2 1399/93/2
f 1395/244/2 1648/244/2 1650/48/2 1397/48/2
f 1393/95/2 1646/95/2 1648/244/2 1395/244/2
f 2353/94/2 1644/94/2 1646/95/2 1393/95/2
f 2354/5/2 1642/5/2 1644/94/2 2353/94/2
f 2355/92/2 1640/92/2 1642/5/2 2354/5/2
f 1388/91/2 1638/91/2 1640/92/2 2355/92/2
f 2356/90/2 1636/90/2 1638/91/2 1388/91/2
f 1385/6/2 1634/6/2 1636/90/2 2356/90/2
f 1383/237/2 1632/237/2 1634/6/2 1385/6/2
f 2357/235/2 1630/235/2 1632/237/2 1383/237/2
f 1380/233/2 1628/233/2 1630/235/2 2357/235/2
f 165/12/2 1626/12/2 1628/233/2 1380/233/2
f 1522/71/49 1520/59/49 2549/59/49 2550/71/49
f 1624/86/113 1626/86/113 2602/86/113 2601/86/113
f 1307/86/94 1305/86/94 2454/86/94 2455/86/94
f 1416/86/123 1414/86/123 2496/86/123 2497/86/123
f 1520/59/144 1518/58/144 2548/58/144 2549/59/144
f 1622/86/125 1624/86/125 2601/86/125 2600/86/125
f 1305/86/81 1303/86/81 2453/86/81 2454/86/81
f 1414/86/116 1412/86/116 2495/86/116 2496/86/116
f 1518/58/146 1516/72/146 2547/72/146 2548/58/146
f 1620/86/121 1622/86/121 2600/86/121 2599/86/121
f 1303/86/84 1301/86/84 2452/86/84 2453/86/84
f 1412/86/117 1410/86/117 2494/86/117 2495/86/117
f 1516/72/73 1514/152/73 2546/152/73 2547/72/73
f 1618/86/168 1620/86/168 2599/86/168 2598/86/168
f 1301/86/68 1299/86/68 2451/86/68 2452/86/68
f 1410/86/167 1408/86/167 2493/86/167 2494/86/167
f 1514/152/109 1512/68/109 2545/68/109 2546/152/109
f 1616/86/131 1618/86/131 2598/86/131 2597/86/131
f 1299/86/86 1297/86/86 2450/86/86 2451/86/86
f 1408/86/120 1406/86/120 2492/86/120 2493/86/120
f 1512/68/107 1510/67/107 2544/67/107 2545/68/107
f 1614/86/118 1616/86/118 2597/86/118 2596/86/118
f 1297/86/162 1295/86/162 2449/86/162 2450/86/162
f 1406/86/126 1404/86/126 2491/86/126 2492/86/126
f 1510/67/135 1508/69/135 2543/69/135 2544/67/135
f 1612/86/128 1614/86/128 2596/86/128 2595/86/128
f 1295/86/155 1293/86/155 2448/86/155 2449/86/155
f 1508/69/88 1506/70/88 2542/70/88 2543/69/88
f 1610/86/158 1612/86/158 2595/86/158 2594/86/158
f 1293/86/163 1291/86/163 2447/86/163 2448/86/163
f 1506/70/105 1504/147/105 2541/147/105 2542/70/105
f 1608/86/130 1610/86/130 2594/86/130 2593/86/130
f 1291/86/156 1289/86/156 2446/86/156 2447/86/156
f 1504/147/103 1502/145/103 2540/145/103 2541/147/103
f 1606/86/102 1608/86/102 2593/86/102 2592/86/102
f 1289/86/151 1287/86/151 2445/86/151 2446/86/151
f 1502/145/61 1500/143/61 2539/143/61 2540/145/61
f 1604/86/85 1606/86/85 2592/86/85 2591/86/85
f 1287/86/161 1285/86/161 2444/86/161 2445/86/161
f 1500/143/122 1498/7/122 2538/7/122 2539/143/122
f 1602/86/100 1604/86/100 2591/86/100 2590/86/100
f 150/86/6 148/86/6 149/86/6 151/86/6
f 1496/86/70 1498/86/70 2538/86/70 2537/86/70
f 1600/86/92 1602/86/92 2590/86/92 2589/86/92
f 1704/86/97 1450/86/97 2514/86/97 2641/86/97
f 1404/86/137 159/86/137 2403/86/137 2491/86/137
f 152/86/5 150/86/5 151/86/5 153/86/5
f 1494/86/129 1496/86/129 2537/86/129 2536/86/129
f 1282/159/2 1528/159/2 1530/73/2 74/73/2
f 1280/66/2 1526/66/2 1528/159/2 1282/159/2
f 2350/65/2 1524/65/2 1526/66/2 1280/66/2
f 2349/71/2 1522/71/2 1524/65/2 2350/65/2
f 2348/59/2 1520/59/2 1522/71/2 2349/71/2
f 1275/58/2 1518/58/2 1520/59/2 2348/59/2
f 1025/72/1 1772/72/1 1774/58/1 1027/58/1
f 1023/152/1 1770/152/1 1772/72/1 1025/72/1
f 1021/68/1 1768/68/1 1770/152/1 1023/152/1
f 1019/67/1 1766/67/1 1768/68/1 1021/68/1
f 1017/69/1 1764/69/1 1766/67/1 1019/67/1
f 1015/70/1 1762/70/1 1764/69/1 1017/69/1
f 1013/147/1 1760/147/1 1762/70/1 1015/70/1
f 1011/145/1 1758/145/1 1760/147/1 1013/147/1
f 1009/143/1 1756/143/1 1758/145/1 1011/145/1
f 1007/7/1 1754/7/1 1756/143/1 1009/143/1
f 1005/141/1 1752/141/1 1754/7/1 1007/7/1
f 1003/139/1 1750/139/1 1752/141/1 1005/141/1
f 1001/137/1 1748/137/1 1750/139/1 1003/139/1
f 999/8/1 1746/8/1 1748/137/1 1001/137/1
f 997/135/1 1744/135/1 1746/8/1 999/8/1
f 995/133/1 1742/133/1 1744/135/1 997/135/1
f 993/131/1 1740/131/1 1742/133/1 995/133/1
f 991/15/1 1738/15/1 1740/131/1 993/131/1
f 989/129/1 1736/129/1 1738/15/1 991/15/1
f 987/127/1 1734/127/1 1736/129/1 989/129/1
f 985/125/1 1732/125/1 1734/127/1 987/127/1
f 983/24/1 1730/24/1 1732/125/1 985/125/1
f 981/123/1 1728/123/1 1730/24/1 983/24/1
f 979/121/1 1726/121/1 1728/123/1 981/123/1
f 977/119/1 1724/119/1 1726/121/1 979/121/1
f 975/31/1 1722/31/1 1724/119/1 977/119/1
f 973/117/1 1720/117/1 1722/31/1 975/31/1
f 971/115/1 1718/115/1 1720/117/1 973/117/1
f 969/113/1 1716/113/1 1718/115/1 971/115/1
f 967/74/1 1714/74/1 1716/113/1 969/113/1
f 965/111/1 1712/111/1 1714/74/1 967/74/1
f 963/109/1 1710/109/1 1712/111/1 965/111/1
f 961/107/1 1708/107/1 1710/109/1 963/109/1
f 959/106/1 1706/106/1 1708/107/1 961/107/1
f 1213/285/1 1960/285/1 1706/9/1 959/106/1
f 1211/283/1 1958/283/1 1960/285/1 1213/285/1
f 1209/281/1 1956/281/1 1958/283/1 1211/283/1
f 1207/10/1 1954/10/1 1956/281/1 1209/281/1
f 1205/279/1 1952/279/1 1954/10/1 1207/10/1
f 1203/277/1 1950/277/1 1952/279/1 1205/279/1
f 1201/275/1 1948/275/1 1950/277/1 1203/277/1
f 1199/18/1 1946/18/1 1948/275/1 1201/275/1
f 1197/273/1 1944/273/1 1946/18/1 1199/18/1
f 1195/271/1 1942/271/1 1944/273/1 1197/273/1
f 1193/269/1 1940/269/1 1942/271/1 1195/271/1
f 1191/26/1 1938/26/1 1940/269/1 1193/269/1
f 1189/267/1 1936/267/1 1938/26/1 1191/26/1
f 1187/265/1 1934/265/1 1936/267/1 1189/267/1
f 1185/263/1 1932/263/1 1934/265/1 1187/265/1
f 1183/54/1 1930/54/1 1932/263/1 1185/263/1
f 1181/261/1 1928/261/1 1930/54/1 1183/54/1
f 1179/259/1 1926/259/1 1928/261/1 1181/261/1
f 1177/257/1 1924/257/1 1926/259/1 1179/259/1
f 1175/52/1 1922/52/1 1924/257/1 1177/257/1
f 1173/255/1 1920/255/1 1922/52/1 1175/52/1
f 1171/253/1 1918/253/1 1920/255/1 1173/255/1
f 1169/251/1 1916/251/1 1918/253/1 1171/253/1
f 1167/50/1 1914/50/1 1916/251/1 1169/251/1
f 1165/249/1 1912/249/1 1914/50/1 1167/50/1
f 1163/247/1 1910/247/1 1912/249/1 1165/249/1
f 1161/93/1 1908/93/1 1910/247/1 1163/247/1
f 1159/48/1 1906/48/1 1908/93/1 1161/93/1
f 1157/244/1 1904/244/1 1906/48/1 1159/48/1
f 1155/95/1 1902/95/1 1904/244/1 1157/244/1
f 1153/94/1 1900/94/1 1902/95/1 1155/95/1
f 1151/5/1 1898/5/1 1900/94/1 1153/94/1
f 1149/92/1 1896/92/1 1898/5/1 1151/5/1
f 1147/91/1 1894/91/1 1896/92/1 1149/92/1
f 1145/90/1 1892/90/1 1894/91/1 1147/91/1
f 1143/6/1 1890/6/1 1892/90/1 1145/90/1
f 1141/237/1 1888/237/1 1890/6/1 1143/6/1
f 1139/235/1 1886/235/1 1888/237/1 1141/237/1
f 1137/233/1 1884/233/1 1886/235/1 1139/235/1
f 1135/12/1 1882/12/1 1884/233/1 1137/233/1
f 1133/231/1 1880/231/1 1882/12/1 1135/12/1
f 1131/229/1 1878/229/1 1880/231/1 1133/231/1
f 1129/227/1 1876/227/1 1878/229/1 1131/229/1
f 1127/20/1 1874/20/1 1876/227/1 1129/227/1
f 1125/225/1 1872/225/1 1874/20/1 1127/20/1
f 1123/223/1 1870/223/1 1872/225/1 1125/225/1
f 1121/221/1 1868/221/1 1870/223/1 1123/223/1
f 1119/45/1 1866/45/1 1868/221/1 1121/221/1
f 1117/219/1 1864/219/1 1866/45/1 1119/45/1
f 1115/217/1 1862/217/1 1864/219/1 1117/219/1
f 1113/215/1 1860/215/1 1862/217/1 1115/217/1
f 1111/43/1 1858/43/1 1860/215/1 1113/215/1
f 1109/213/1 1856/213/1 1858/43/1 1111/43/1
f 1107/211/1 1854/211/1 1856/213/1 1109/213/1
f 1105/209/1 1852/209/1 1854/211/1 1107/211/1
f 1103/41/1 1850/41/1 1852/209/1 1105/209/1
f 1101/207/1 1848/207/1 1850/41/1 1103/41/1
f 1099/205/1 1846/205/1 1848/207/1 1101/207/1
f 1097/203/1 1844/203/1 1846/205/1 1099/205/1
f 1095/40/1 1842/40/1 1844/203/1 1097/203/1
f 1093/201/1 1840/201/1 1842/40/1 1095/40/1
f 1091/199/1 1838/199/1 1840/201/1 1093/201/1
f 1089/197/1 1836/197/1 1838/199/1 1091/199/1
f 1087/82/1 1834/82/1 1836/197/1 1089/197/1
f 1085/195/1 1832/195/1 1834/82/1 1087/82/1
f 1083/193/1 1830/193/1 1832/195/1 1085/195/1
f 1081/191/1 1828/191/1 1830/193/1 1083/193/1
f 1079/63/1 1826/63/1 1828/191/1 1081/191/1
f 1077/189/1 1824/189/1 1826/63/1 1079/63/1
f 1075/187/1 1822/187/1 1824/189/1 1077/189/1
f 1073/185/1 1820/185/1 1822/187/1 1075/187/1
f 1071/62/1 1818/62/1 1820/185/1 1073/185/1
f 1069/183/1 1816/183/1 1818/62/1 1071/62/1
f 1067/181/1 1814/181/1 1816/183/1 1069/183/1
f 1065/179/1 1812/179/1 1814/181/1 1067/181/1
f 1063/64/1 1810/64/1 1812/179/1 1065/179/1
f 1061/177/1 1808/177/1 1810/64/1 1063/64/1
f 1059/175/1 1806/175/1 1808/177/1 1061/177/1
f 1057/173/1 1804/173/1 1806/175/1 1059/175/1
f 1055/28/1 1802/28/1 1804/173/1 1057/173/1
f 1053/171/1 1800/171/1 1802/28/1 1055/28/1
f 1051/169/1 1798/169/1 1800/171/1 1053/171/1
f 1049/167/1 1796/167/1 1798/169/1 1051/169/1
f 1047/29/1 1794/29/1 1796/167/1 1049/167/1
f 1045/165/1 1792/165/1 1794/29/1 1047/29/1
f 1043/163/1 1790/163/1 1792/165/1 1045/165/1
f 1041/161/1 1788/161/1 1790/163/1 1043/163/1
f 1039/73/1 1786/73/1 1788/161/1 1041/161/1
f 1037/159/1 1784/159/1 1786/73/1 1039/73/1
f 1035/66/1 1782/66/1 1784/159/1 1037/159/1
f 1033/65/1 1780/65/1 1782/66/1 1035/66/1
f 1031/71/1 1778/71/1 1780/65/1 1033/65/1
f 1029/59/1 1776/59/1 1778/71/1 1031/71/1
f 1027/58/1 1774/58/1 1776/59/1 1029/59/1
f 1098/206/169 1100/208/169 2032/208/169 2031/206/169
f 960/108/170 962/110/170 1963/110/170 1962/108/170
f 1096/204/171 1098/206/171 2031/206/171 2030/204/171
f 958/14/172 960/108/172 1962/108/172 1961/14/172
f 1094/39/173 1096/204/173 2030/204/173 2029/39/173
f 1092/202/174 1094/39/174 2029/39/174 2028/202/174
f 1090/200/175 1092/202/175 2028/202/175 2027/200/175
f 1088/198/176 1090/200/176 2027/200/176 2026/198/176
f 1086/2/177 1088/198/177 2026/198/177 2025/2/177
f 1084/196/178 1086/2/178 2025/2/178 2024/196/178
f 1082/194/179 1084/196/179 2024/196/179 2023/194/179
f 1080/192/180 1082/194/180 2023/194/180 2022/192/180
f 1078/1/181 1080/192/181 2022/192/181 2021/1/181
f 1076/190/182 1078/1/182 2021/1/182 2020/190/182
f 1212/286/183 958/98/183 1961/98/183 2065/286/183
f 1074/188/184 1076/190/184 2020/190/184 2019/188/184
f 1210/284/185 1212/286/185 2065/286/185 2064/284/185
f 1072/186/186 1074/188/186 2019/188/186 2018/186/186
f 1208/282/187 1210/284/187 2064/284/187 2063/282/187
f 1070/17/188 1072/186/188 2018/186/188 2017/17/188
f 1206/13/189 1208/282/189 2063/282/189 2062/13/189
f 1068/184/190 1070/17/190 2017/17/190 2016/184/190
f 1204/280/191 1206/13/191 2062/13/191 2061/280/191
f 1066/182/192 1068/184/192 2016/184/192 2015/182/192
f 1202/278/193 1204/280/193 2061/280/193 2060/278/193
f 1064/180/194 1066/182/194 2015/182/194 2014/180/194
f 1200/276/195 1202/278/195 2060/278/195 2059/276/195
f 1062/16/196 1064/180/196 2014/180/196 2013/16/196
f 1198/21/197 1200/276/197 2059/276/197 2058/21/197
f 1060/178/198 1062/16/198 2013/16/198 2012/178/198
f 1196/274/199 1198/21/199 2058/21/199 2057/274/199
f 1058/176/200 1060/178/200 2012/178/200 2011/176/200
f 1194/272/201 1196/274/201 2057/274/201 2056/272/201
f 1056/174/202 1058/176/202 2011/176/202 2010/174/202
f 1192/270/203 1194/272/203 2056/272/203 2055/270/203
f 1054/25/204 1056/174/204 2010/174/204 2009/25/204
f 1190/27/205 1192/270/205 2055/270/205 2054/27/205
f 1052/172/206 1054/25/206 2009/25/206 2008/172/206
f 1188/268/207 1190/27/207 2054/27/207 2053/268/207
f 1050/170/208 1052/172/208 2008/172/208 2007/170/208
f 1186/266/209 1188/268/209 2053/268/209 2052/266/209
f 1048/168/210 1050/170/210 2007/170/210 2006/168/210
f 1184/264/211 1186/266/211 2052/266/211 2051/264/211
f 1046/32/212 1048/168/212 2006/168/212 2005/32/212
f 1182/55/213 1184/264/213 2051/264/213 2050/55/213
f 1044/166/214 1046/32/214 2005/32/214 2004/166/214
f 1180/262/215 1182/55/215 2050/55/215 2049/262/215
f 1042/164/216 1044/166/216 2004/166/216 2003/164/216
f 1178/260/217 1180/262/217 2049/262/217 2048/260/217
f 1040/162/218 1042/164/218 2003/164/218 2002/162/218
f 1176/258/219 1178/260/219 2048/260/219 2047/258/219
f 1038/84/220 1040/162/220 2002/162/220 2001/84/220
f 1174/53/221 1176/258/221 2047/258/221 2046/53/221
f 1036/160/222 1038/84/222 2001/84/222 2000/160/222
f 1172/256/223 1174/53/223 2046/53/223 2642/287/223 2643/256/223
f 1034/158/224 1036/160/224 2000/160/224 1999/158/224
f 2644/254/225 1170/254/225 1172/256/225 2643/256/225
f 1032/157/226 1034/158/226 1999/158/226 1998/157/226
f 1168/252/227 1170/254/227 2644/254/227 2645/252/227
f 1030/85/228 1032/157/228 1998/157/228 1997/85/228
f 2646/51/229 1166/51/229 1168/252/229 2645/252/229
f 1028/156/230 1030/85/230 1997/85/230 1996/156/230
f 2647/250/231 1164/250/231 1166/51/231 2646/51/231
f 1527/160/1 1783/160/1 1781/158/1 1525/158/1
f 1026/155/36 1028/156/36 1996/156/36 1995/155/36
f 2008/172/130 2009/25/130 2948/25/130 3017/172/130
f 1973/79/117 1974/126/117 2975/126/117 2974/79/117
f 2642/288/166 2046/53/166 3010/53/166 3012/288/166
f 1977/19/114 1978/132/114 2973/132/114 2972/19/114
f 2032/208/67 2033/42/67 2986/42/67 2992/208/67
f 2046/53/35 2047/258/35 3011/258/35 3010/53/35
f 1981/11/69 1982/138/69 2971/138/69 2970/11/69
f 1999/158/110 2000/160/110 3014/160/110 3013/158/110
f 1985/3/98 1986/144/98 2969/144/98 2968/3/98
f 2047/258/153 2048/260/153 3034/260/153 3011/258/153
f 2056/272/129 2057/274/129 2946/274/129 3032/272/129
f 2036/214/156 2037/44/156 2984/44/156 2993/214/156
f 2002/162/87 2003/164/87 3009/164/87 2957/162/87
f 2003/164/82 2004/166/82 3015/166/82 3009/164/82
f 1989/4/42 1990/149/42 2966/149/42 2965/4/42
f 2051/264/133 2052/266/133 3033/266/133 3008/264/133
f 2012/178/131 2013/16/131 2944/16/131 2963/178/131
f 2649/86/232 3/86/232 3044/86/232 3020/86/232
f 2007/170/102 2008/172/102 3017/172/102 3007/170/102
f 2040/220/86 2041/30/86 2982/30/86 2995/220/86
f 2050/55/152 2051/264/152 3008/264/152 2955/55/152
f 2055/270/159 2056/272/159 3032/272/159 3006/270/159
f 1993/153/51 1994/154/51 2962/154/51 2961/153/51
f 2011/176/118 2012/178/118 2963/178/118 3005/176/118
f 2059/276/147 2060/278/147 3031/278/147 3004/276/147
f 2060/278/149 2061/280/149 2942/280/149 3031/278/149
f 2044/226/94 2045/22/94 2980/22/94 2996/226/94
f 2006/168/85 2007/170/85 3007/170/85 2953/168/85
f 2015/182/125 2016/184/125 2967/184/125 3003/182/125
f 2063/282/40 2064/284/40 3030/284/40 3002/282/40
f 2016/184/113 2017/17/113 2940/17/113 2967/184/113
f 2019/188/103 2020/190/103 2989/190/103 3001/188/103
f 2054/27/160 2055/270/160 3006/270/160 2951/27/160
f 2023/194/107 2024/196/107 2990/196/107 3000/194/107
f 1997/85/54 1998/157/54 2959/157/54 2958/85/54
f 1964/112/93 1965/77/93 2978/77/93 3043/112/93
f 2027/200/144 2028/202/144 2991/202/144 2999/200/144
f 1968/118/127 1969/76/127 2976/76/127 3042/118/127
f 2031/206/154 2032/208/154 2992/208/154 2998/206/154
f 2064/284/83 2065/286/83 2939/286/83 3030/284/83
f 2001/84/95 2002/162/95 2957/162/95 2956/84/95
f 1972/124/167 1973/79/167 2974/79/167 3041/124/167
f 2010/174/128 2011/176/128 3005/176/128 2949/174/128
f 2049/262/91 2050/55/91 2955/55/91 2954/262/91
f 1976/130/115 1977/19/115 2972/19/115 3040/130/115
f 2020/190/105 2021/1/105 2937/1/105 2989/190/105
f 2005/32/100 2006/168/100 2953/168/100 2952/32/100
f 2053/268/124 2054/27/124 2951/27/124 2950/268/124
f 2058/21/58 2059/276/58 3004/276/58 2947/21/58
f 2009/25/158 2010/174/158 2949/174/158 2948/25/158
f 1980/136/72 1981/11/72 2970/11/72 3039/136/72
f 2024/196/109 2025/2/109 2935/2/109 2990/196/109
f 2057/274/70 2058/21/70 2947/21/70 2946/274/70
f 2013/16/168 2014/180/168 2945/180/168 2944/16/168
f 2014/180/121 2015/182/121 3003/182/121 2945/180/121
f 11/86/233 2651/86/233 2988/86/233 2964/86/233
f 2061/280/55 2062/13/55 2943/13/55 2942/280/55
f 2028/202/49 2029/39/49 2933/39/49 2991/202/49
f 2017/17/122 2018/186/122 2941/186/122 2940/17/122
f 2034/210/161 2035/212/161 3029/212/161 2987/210/161
f 1984/142/80 1985/3/80 2968/3/80 3038/142/80
f 2065/286/96 1961/98/96 2931/98/96 2939/286/96
f 2038/216/155 2039/218/155 3028/218/155 2985/216/155
f 1988/148/60 1989/4/60 2965/4/60 3037/148/60
f 2062/13/37 2063/282/37 3002/282/37 2943/13/37
f 2021/1/88 2022/192/88 2938/192/88 2937/1/88
f 2042/222/84 2043/224/84 3027/224/84 2983/222/84
f 2025/2/73 2026/198/73 2936/198/73 2935/2/73
f 1966/114/52 1967/116/52 3026/116/52 2979/114/52
f 2029/39/46 2030/204/46 2934/204/46 2933/39/46
f 1970/120/126 1971/122/126 3025/122/126 2977/120/126
f 1992/151/66 1993/153/66 2961/153/66 3036/151/66
f 2018/186/61 2019/188/61 3001/188/61 2941/186/61
f 1961/14/101 1962/108/101 2932/108/101 2931/14/101
f 1974/126/116 1975/128/116 3024/128/116 2975/126/116
f 1978/132/75 1979/134/75 3023/134/75 2973/132/75
f 2035/212/151 2036/214/151 2993/214/151 3029/212/151
f 2022/192/135 2023/194/135 3000/194/135 2938/192/135
f 2039/218/162 2040/220/162 2995/220/162 3028/218/162
f 1996/156/39 1997/85/39 2958/85/39 3035/156/39
f 1982/138/90 1983/140/90 3022/140/90 2971/138/90
f 2043/224/81 2044/226/81 2996/226/81 3027/224/81
f 1986/144/106 1987/146/106 3021/146/106 2969/144/106
f 2026/198/146 2027/200/146 2999/200/146 2936/198/146
f 2648/86/234 2649/86/234 3020/86/234 3019/86/234
f 1963/110/43 1964/112/43 3043/112/43 2997/110/43
f 1990/149/45 1991/150/45 3018/150/45 2966/149/45
f 1967/116/78 1968/118/78 3042/118/78 3026/116/78
f 2651/86/235 2652/86/235 2994/86/235 2988/86/235
f 1971/122/120 1972/124/120 3041/124/120 3025/122/120
f 1975/128/123 1976/130/123 3040/130/123 3024/128/123
f 2000/160/77 2001/84/77 2956/84/77 3014/160/77
f 2030/204/150 2031/206/150 2998/206/150 2934/204/150
f 1994/154/48 1995/155/48 3016/155/48 2962/154/48
f 1979/134/104 1980/136/104 3039/136/104 3023/134/104
f 1962/108/99 1963/110/99 2997/110/99 2932/108/99
f 2048/260/89 2049/262/89 2954/262/89 3034/260/89
f 1983/140/108 1984/142/108 3038/142/108 3022/140/108
f 2033/42/64 2034/210/64 2987/210/64 2986/42/64
f 1987/146/145 1988/148/145 3037/148/145 3021/146/145
f 2004/166/92 2005/32/92 2952/32/92 3015/166/92
f 2037/44/163 2038/216/163 2985/216/163 2984/44/163
f 1529/84/1 1785/84/1 1783/160/1 1527/160/1
f 1531/162/1 1787/162/1 1785/84/1 1529/84/1
f 1533/164/1 1789/164/1 1787/162/1 1531/162/1
f 962/110/236 964/112/236 1964/112/236 1963/110/236
f 1535/166/1 1791/166/1 1789/164/1 1533/164/1
f 1100/208/237 1102/42/237 2033/42/237 2032/208/237
f 1537/32/1 1793/32/1 1791/166/1 1535/166/1
f 1539/168/1 1795/168/1 1793/32/1 1537/32/1
f 1541/170/1 1797/170/1 1795/168/1 1539/168/1
f 964/112/238 966/77/238 1965/77/238 1964/112/238
f 1543/172/1 1799/172/1 1797/170/1 1541/170/1
f 1102/42/239 1104/210/239 2034/210/239 2033/42/239
f 1545/25/1 1801/25/1 1799/172/1 1543/172/1
f 1547/174/1 1803/174/1 1801/25/1 1545/25/1
f 1549/176/1 1805/176/1 1803/174/1 1547/174/1
f 966/77/240 968/114/240 1966/114/240 1965/77/240
f 1551/178/1 1807/178/1 1805/176/1 1549/176/1
f 1104/210/241 1106/212/241 2035/212/241 2034/210/241
f 1553/16/1 1809/16/1 1807/178/1 1551/178/1
f 1555/180/1 1811/180/1 1809/16/1 1553/16/1
f 1557/182/1 1813/182/1 1811/180/1 1555/180/1
f 968/114/242 970/116/242 1967/116/242 1966/114/242
f 1559/184/1 1815/184/1 1813/182/1 1557/182/1
f 1106/212/243 1108/214/243 2036/214/243 2035/212/243
f 1561/17/1 1817/17/1 1815/184/1 1559/184/1
f 1563/186/1 1819/186/1 1817/17/1 1561/17/1
f 1565/188/1 1821/188/1 1819/186/1 1563/186/1
f 970/116/244 972/118/244 1968/118/244 1967/116/244
f 1567/190/1 1823/190/1 1821/188/1 1565/188/1
f 1108/214/245 1110/44/245 2037/44/245 2036/214/245
f 1569/1/1 1825/1/1 1823/190/1 1567/190/1
f 1571/192/1 1827/192/1 1825/1/1 1569/1/1
f 1573/194/1 1829/194/1 1827/192/1 1571/192/1
f 972/118/246 974/76/246 1969/76/246 1968/118/246
f 1575/196/1 1831/196/1 1829/194/1 1573/194/1
f 1110/44/247 1112/216/247 2038/216/247 2037/44/247
f 1577/2/1 1833/2/1 1831/196/1 1575/196/1
f 1579/198/1 1835/198/1 1833/2/1 1577/2/1
f 1581/200/1 1837/200/1 1835/198/1 1579/198/1
f 974/76/248 976/120/248 1970/120/248 1969/76/248
f 1583/202/1 1839/202/1 1837/200/1 1581/200/1
f 1112/216/249 1114/218/249 2039/218/249 2038/216/249
f 1585/39/1 1841/39/1 1839/202/1 1583/202/1
f 1587/204/1 1843/204/1 1841/39/1 1585/39/1
f 1589/206/1 1845/206/1 1843/204/1 1587/204/1
f 976/120/250 978/122/250 1971/122/250 1970/120/250
f 1591/208/1 1847/208/1 1845/206/1 1589/206/1
f 1114/218/251 1116/220/251 2040/220/251 2039/218/251
f 1593/42/1 1849/42/1 1847/208/1 1591/208/1
f 1595/210/1 1851/210/1 1849/42/1 1593/42/1
f 1597/212/1 1853/212/1 1851/210/1 1595/210/1
f 978/122/252 980/124/252 1972/124/252 1971/122/252
f 1599/214/1 1855/214/1 1853/212/1 1597/212/1
f 1116/220/253 1118/30/253 2041/30/253 2040/220/253
f 1601/44/1 1857/44/1 1855/214/1 1599/214/1
f 1603/216/1 1859/216/1 1857/44/1 1601/44/1
f 1605/218/1 1861/218/1 1859/216/1 1603/216/1
f 980/124/254 982/79/254 1973/79/254 1972/124/254
f 1607/220/1 1863/220/1 1861/218/1 1605/218/1
f 1118/30/255 1120/222/255 2042/222/255 2041/30/255
f 1609/30/1 1865/30/1 1863/220/1 1607/220/1
f 1611/222/1 1867/222/1 1865/30/1 1609/30/1
f 1613/224/1 1869/224/1 1867/222/1 1611/222/1
f 982/79/256 984/126/256 1974/126/256 1973/79/256
f 1615/226/1 1871/226/1 1869/224/1 1613/224/1
f 1120/222/257 1122/224/257 2043/224/257 2042/222/257
f 1617/22/1 1873/22/1 1871/226/1 1615/226/1
f 1619/228/1 1875/228/1 1873/22/1 1617/22/1
f 1621/230/1 1877/230/1 1875/228/1 1619/228/1
f 984/126/258 986/128/258 1975/128/258 1974/126/258
f 1623/232/1 1879/232/1 1877/230/1 1621/230/1
f 1122/224/259 1124/226/259 2044/226/259 2043/224/259
f 1625/23/1 1881/23/1 1879/232/1 1623/232/1
f 1627/234/1 1883/234/1 1881/23/1 1625/23/1
f 1629/236/1 1885/236/1 1883/234/1 1627/234/1
f 986/128/260 988/130/260 1976/130/260 1975/128/260
f 1631/238/1 1887/238/1 1885/236/1 1629/236/1
f 1124/226/261 1126/22/261 2045/22/261 2044/226/261
f 1633/46/1 1889/46/1 1887/238/1 1631/238/1
f 1635/239/1 1891/239/1 1889/46/1 1633/46/1
f 1637/240/1 1893/240/1 1891/239/1 1635/239/1
f 988/130/262 990/19/262 1977/19/262 1976/130/262
f 1639/241/1 1895/241/1 1893/240/1 1637/240/1
f 2045/22/263 1126/22/263 1128/228/263 2653/228/263 2650/289/263
f 1641/47/1 1897/47/1 1895/241/1 1639/241/1
f 1643/242/1 1899/242/1 1897/47/1 1641/47/1
f 1645/243/1 1901/243/1 1899/242/1 1643/242/1
f 990/19/264 992/132/264 1978/132/264 1977/19/264
f 1647/245/1 1903/245/1 1901/243/1 1645/243/1
f 2653/228/265 1128/228/265 1130/230/265 2654/230/265
f 1649/49/1 1905/49/1 1903/245/1 1647/245/1
f 1651/246/1 1907/246/1 1905/49/1 1649/49/1
f 1653/248/1 1909/248/1 1907/246/1 1651/246/1
f 992/132/266 994/134/266 1979/134/266 1978/132/266
f 1655/250/1 1911/250/1 1909/248/1 1653/248/1
f 2654/230/267 1130/230/267 1132/232/267 2655/232/267
f 1657/51/1 1913/51/1 1911/250/1 1655/250/1
f 1659/252/1 1915/252/1 1913/51/1 1657/51/1
f 1661/254/1 1917/254/1 1915/252/1 1659/252/1
f 994/134/268 996/136/268 1980/136/268 1979/134/268
f 1663/256/1 1919/256/1 1917/254/1 1661/254/1
f 2655/232/269 1132/232/269 1134/23/269 2656/23/269
f 1665/53/1 1921/53/1 1919/256/1 1663/256/1
f 1667/258/1 1923/258/1 1921/53/1 1665/53/1
f 1669/260/1 1925/260/1 1923/258/1 1667/258/1
f 996/136/270 998/11/270 1981/11/270 1980/136/270
f 1671/262/1 1927/262/1 1925/260/1 1669/260/1
f 1134/23/271 1136/234/271 2657/234/271 2656/23/271
f 1673/55/1 1929/55/1 1927/262/1 1671/262/1
f 1675/264/1 1931/264/1 1929/55/1 1673/55/1
f 1677/266/1 1933/266/1 1931/264/1 1675/264/1
f 998/11/272 1000/138/272 1982/138/272 1981/11/272
f 1679/268/1 1935/268/1 1933/266/1 1677/266/1
f 2657/234/273 1136/234/273 1138/236/273 2658/236/273
f 1681/27/1 1937/27/1 1935/268/1 1679/268/1
f 1683/270/1 1939/270/1 1937/27/1 1681/27/1
f 1685/272/1 1941/272/1 1939/270/1 1683/270/1
f 1000/138/274 1002/140/274 1983/140/274 1982/138/274
f 1687/274/1 1943/274/1 1941/272/1 1685/272/1
f 1138/236/275 1140/238/275 2659/238/275 2660/290/275 2658/236/275
f 1689/21/1 1945/21/1 1943/274/1 1687/274/1
f 1691/276/1 1947/276/1 1945/21/1 1689/21/1
f 1693/278/1 1949/278/1 1947/276/1 1691/276/1
f 1002/140/276 1004/142/276 1984/142/276 1983/140/276
f 1695/280/1 1951/280/1 1949/278/1 1693/278/1
f 2659/238/277 1140/238/277 1142/46/277 2661/46/277
f 1697/13/1 1953/13/1 1951/280/1 1695/280/1
f 1699/282/1 1955/282/1 1953/13/1 1697/13/1
f 1701/284/1 1957/284/1 1955/282/1 1699/282/1
f 1004/142/278 1006/3/278 1985/3/278 1984/142/278
f 1703/286/1 1959/286/1 1957/284/1 1701/284/1
f 2661/46/279 1142/46/279 1144/239/279 2662/239/279
f 1449/14/1 1705/14/1 1959/286/1 1703/286/1
f 1451/108/1 1707/108/1 1705/14/1 1449/14/1
f 1453/110/1 1709/110/1 1707/108/1 1451/108/1
f 1006/3/280 1008/144/280 1986/144/280 1985/3/280
f 1455/112/1 1711/112/1 1709/110/1 1453/110/1
f 2662/239/47 1144/239/47 1146/240/47 2663/240/47
f 1457/77/1 1713/77/1 1711/112/1 1455/112/1
f 1459/114/1 1715/114/1 1713/77/1 1457/77/1
f 1461/116/1 1717/116/1 1715/114/1 1459/114/1
f 1008/144/281 1010/146/281 1987/146/281 1986/144/281
f 1463/118/1 1719/118/1 1717/116/1 1461/116/1
f 2663/240/140 1146/240/140 1148/241/140 2664/241/140
f 1465/76/1 1721/76/1 1719/118/1 1463/118/1
f 1467/120/1 1723/120/1 1721/76/1 1465/76/1
f 1469/122/1 1725/122/1 1723/120/1 1467/120/1
f 1010/146/282 1012/148/282 1988/148/282 1987/146/282
f 1471/124/1 1727/124/1 1725/122/1 1469/122/1
f 2664/241/97 1148/241/97 1150/47/97 2665/47/97
f 1473/79/1 1729/79/1 1727/124/1 1471/124/1
f 1475/126/1 1731/126/1 1729/79/1 1473/79/1
f 1477/128/1 1733/128/1 1731/126/1 1475/126/1
f 1012/148/283 1014/4/283 1989/4/283 1988/148/283
f 1479/130/1 1735/130/1 1733/128/1 1477/128/1
f 2665/47/44 1150/47/44 1152/242/44 2666/242/44
f 1481/19/1 1737/19/1 1735/130/1 1479/130/1
f 1483/132/1 1739/132/1 1737/19/1 1481/19/1
f 1485/134/1 1741/134/1 1739/132/1 1483/132/1
f 1014/4/284 1016/149/284 1990/149/284 1989/4/284
f 1487/136/1 1743/136/1 1741/134/1 1485/134/1
f 2666/242/38 1152/242/38 1154/243/38 2667/243/38
f 1489/11/1 1745/11/1 1743/136/1 1487/136/1
f 1491/138/1 1747/138/1 1745/11/1 1489/11/1
f 1493/140/1 1749/140/1 1747/138/1 1491/138/1
f 1016/149/45 1018/150/45 1991/150/45 1990/149/45
f 1495/142/1 1751/142/1 1749/140/1 1493/140/1
f 1154/243/41 1156/245/41 2668/245/41 2667/243/41
f 1497/3/1 1753/3/1 1751/142/1 1495/142/1
f 1499/144/1 1755/144/1 1753/3/1 1497/3/1
f 1501/146/1 1757/146/1 1755/144/1 1499/144/1
f 1018/150/63 1020/151/63 1992/151/63 1991/150/63
f 1503/148/1 1759/148/1 1757/146/1 1501/146/1
f 2668/245/285 1156/245/285 1158/49/285 2669/49/285
f 1505/4/1 1761/4/1 1759/148/1 1503/148/1
f 1507/149/1 1763/149/1 1761/4/1 1505/4/1
f 1020/151/66 1022/153/66 1993/153/66 1992/151/66
f 1509/150/1 1765/150/1 1763/149/1 1507/149/1
f 2669/49/286 1158/49/286 1160/246/286 2670/246/286
f 1511/151/1 1767/151/1 1765/150/1 1509/150/1
f 1513/153/1 1769/153/1 1767/151/1 1511/151/1
f 1022/153/51 1024/154/51 1994/154/51 1993/153/51
f 1515/154/1 1771/154/1 1769/153/1 1513/153/1
f 2670/246/287 1160/246/287 1162/248/287 2671/248/287
f 1517/155/1 1773/155/1 1771/154/1 1515/154/1
f 1519/156/1 1775/156/1 1773/155/1 1517/155/1
f 1024/154/48 1026/155/48 1995/155/48 1994/154/48
f 1521/85/1 1777/85/1 1775/156/1 1519/156/1
f 1162/248/288 1164/250/288 2647/250/288 2672/291/288 2671/248/288
f 1523/157/1 1779/157/1 1777/85/1 1521/85/1
f 1525/158/1 1781/158/1 1779/157/1 1523/157/1
f 2673/292/213 2227/293/213 2226/294/213 2674/295/213
f 2675/296/241 2099/297/241 2111/298/241 2676/299/241
f 2677/300/226 2168/301/226 2183/302/226 2678/303/226
f 2679/304/289 2308/305/289 2307/306/289 2680/307/289
f 2681/308/241 2236/309/241 2245/310/241 2682/311/241
f 2683/312/203 2238/313/203 2235/314/203 2684/315/203
f 2685/316/248 2284/317/248 2283/318/248 2686/319/248
f 2687/320/198 2285/321/198 2279/322/198 2688/323/198
f 2689/324/171 2239/325/171 2249/326/171 2690/327/171
f 2691/328/251 2232/329/251 2233/330/251 2692/331/251
f 2693/327/184 2136/326/184 2141/325/184 2695/324/184 2694/332/184
f 2696/333/247 2225/334/247 2237/335/247 2697/336/247
f 2698/299/192 2276/298/192 2287/297/192 2699/296/192
f 2700/337/257 2211/338/257 2209/339/257 2701/340/257
f 2702/341/288 2221/342/288 2213/343/288 2703/344/288
f 2704/328/204 2146/329/204 2149/345/204 2705/346/204
f 2706/347/38 2074/348/38 2075/349/38 2707/350/38
f 2708/351/286 2071/352/286 2066/353/286 2709/354/286
f 2710/355/288 2085/356/288 2076/357/288 2711/358/288
f 2705/346/206 2149/345/206 2191/339/206 2712/340/206
f 2156/359/256 2157/360/256 2714/361/256 2713/362/256
f 2715/312/250 2144/313/250 2152/363/250 2716/364/250
f 2717/365/169 2129/366/169 2130/367/169 2718/368/169
f 2719/369/175 2246/370/175 2241/371/175 2720/372/175
f 2718/368/171 2130/367/171 2117/373/171 2721/374/171
f 2722/375/140 2078/376/140 2073/377/140 2723/378/140
f 2724/379/203 2110/380/203 2104/381/203 2725/382/203
f 2692/331/249 2233/330/249 2225/334/249 2696/333/249
f 2726/383/255 2082/384/255 2102/385/255 2727/386/255
f 2701/340/255 2209/339/255 2234/345/255 2728/346/255
f 2729/323/247 2100/322/247 2103/321/247 2730/320/247
f 2731/387/190 2153/388/190 2151/310/190 2732/311/190
f 2733/389/223 2219/390/223 2216/391/223 2734/392/223
f 2735/393/240 2265/394/240 2266/395/240 2736/396/240
f 2737/397/202 2273/398/202 2292/399/202 2738/400/202
f 2739/401/195 2251/402/195 2253/403/195 2740/404/195
f 2741/405/265 2207/406/265 2206/407/265 2742/408/265
f 2709/409/290 2066/353/290 2069/410/290 2743/411/290
f 2744/412/270 2289/413/270 2302/414/270 2745/415/270
f 2746/416/243 2106/417/243 2099/297/243 2675/296/243
f 2676/299/239 2111/298/239 2126/418/239 2747/419/239
f 2748/420/169 2240/421/169 2239/325/169 2689/324/169
f 2077/422/273 2095/306/273 2750/307/273 2749/423/273
f 2751/303/275 2205/302/275 2204/301/275 2752/300/275
f 2753/424/274 2188/425/274 2186/391/274 2754/426/274
f 2755/427/180 2258/428/180 2256/429/180 2756/430/180
f 2757/431/291 2068/432/291 2078/376/291 2722/375/291
f 2758/358/281 2320/357/281 2305/356/281 2759/355/281
f 2760/433/266 2291/434/266 2297/435/266 2761/436/266
f 2762/437/36 2309/438/36 2306/377/36 2763/378/36
f 2764/439/216 2295/440/216 2300/441/216 2765/442/216
f 2766/443/225 2088/444/225 2087/445/225 2767/446/225
f 2768/447/172 2267/448/172 2262/449/172 2769/450/172
f 2072/451/277 2067/452/277 2771/453/277 2770/454/277
f 2772/455/178 2268/456/178 2271/457/178 2773/458/178
f 2774/459/224 2165/460/224 2168/301/224 2677/300/224
f 2775/383/208 2299/384/208 2298/461/208 2776/462/208
f 2773/458/179 2271/457/179 2258/428/179 2755/427/179
f 2777/463/261 2222/464/261 2218/465/261 2778/466/261
f 2779/467/220 2169/468/220 2182/469/220 2780/470/220
f 2781/471/230 2316/451/230 2309/438/230 2762/437/230
f 2782/319/199 2120/318/199 2109/317/199 2783/316/199
f 2784/472/195 2121/473/195 2125/474/195 2785/475/195
f 2786/476/262 2293/477/262 2286/478/262 2787/479/262
f 2788/386/206 2301/385/206 2299/384/206 2775/383/206
f 2789/480/243 2229/481/243 2236/309/243 2681/308/243
f 2790/375/292 2315/376/292 2311/432/292 2791/431/292
f 2792/482/240 2142/483/240 2131/484/240 2793/485/240
f 2197/486/47 2200/487/47 2795/488/47 2794/489/47
f 2732/311/192 2151/310/192 2159/309/192 2796/308/192
f 2714/361/254 2157/360/254 2147/314/254 2797/315/254
f 2798/490/236 2134/491/236 2138/492/236 2799/493/236
f 2761/436/264 2297/435/264 2293/477/264 2786/476/264
f 2800/466/212 2177/465/212 2178/464/212 2801/463/212
f 2793/485/238 2131/484/238 2134/491/238 2798/490/238
f 2743/411/41 2069/410/41 2074/348/41 2706/347/41
f 2802/341/280 2175/342/280 2164/494/280 2803/495/280
f 2804/496/283 2174/497/283 2171/498/283 2805/499/283
f 2806/500/258 2277/501/258 2278/502/258 2807/503/258
f 2723/378/47 2073/377/47 2070/438/47 2808/437/47
f 2690/327/173 2249/326/173 2250/504/173 2809/505/173
f 2810/506/293 2210/425/293 2208/507/293 2811/508/293
f 2795/488/294 2200/487/294 2202/509/294 2812/510/294
f 2813/511/41 2199/512/41 2198/513/41 2814/514/41
f 2815/408/216 2166/407/216 2167/406/216 2816/405/216
f 2763/378/48 2306/377/48 2315/376/48 2790/375/48
f 2152/363/248 2154/515/248 2817/516/248 2716/364/248
f 2809/505/174 2250/504/174 2246/370/174 2719/369/174
f 2818/500/211 2101/501/211 2098/478/211 2819/517/211
f 2820/374/184 2269/373/184 2270/367/184 2821/368/184
f 2822/295/262 2185/294/262 2148/293/262 2823/292/262
f 2824/518/97 2195/519/97 2196/520/97 2825/521/97
f 2826/522/266 2189/523/266 2184/524/266 2827/525/266
f 2682/311/239 2245/310/239 2254/388/239 2828/387/239
f 2829/526/268 2190/527/268 2189/523/268 2826/522/268
f 2830/462/257 2083/461/257 2082/384/257 2726/383/257
f 2831/528/236 2260/529/236 2261/530/236 2832/531/236
f 2747/419/237 2126/418/237 2129/366/237 2717/365/237
f 2208/507/229 2220/494/229 2833/495/229 2811/508/229
f 2686/319/246 2283/318/246 2257/474/246 2834/475/246
f 2835/458/177 2123/457/177 2124/456/177 2836/455/177
f 2756/430/181 2256/429/181 2264/532/181 2837/533/181
f 2838/534/254 2280/535/254 2281/381/254 2839/382/254
f 2840/536/177 2255/537/177 2268/538/177 2772/539/177
f 2841/540/228 2318/452/228 2316/451/228 2781/541/228
f 2842/350/63 2310/349/63 2314/348/63 2843/347/63
f 2844/499/286 2203/498/286 2201/497/286 2845/542/286
f 2846/450/183 2116/449/183 2128/448/183 2847/447/183
f 2787/517/295 2286/478/295 2277/501/295 2806/500/295
f 2821/368/186 2270/367/186 2282/366/186 2848/365/186
f 2807/503/256 2278/502/256 2280/535/256 2838/534/256
f 2797/315/252 2147/314/252 2144/313/252 2715/312/252
f 2711/358/287 2076/357/287 2071/352/287 2708/351/287
f 2791/431/296 2311/432/296 2310/349/296 2842/350/296
f 2776/462/210 2298/461/210 2290/543/210 2849/544/210
f 2720/372/176 2241/371/176 2255/537/176 2840/536/176
f 2850/521/51 2181/520/51 2193/519/51 2851/518/51
f 2852/545/226 2317/422/226 2318/452/226 2841/540/226
f 2707/350/297 2075/349/297 2068/432/297 2757/431/297
f 2853/369/181 2137/370/181 2139/504/181 2854/505/181
f 2855/546/267 2094/547/267 2091/441/267 2856/442/267
f 2857/427/176 2127/428/176 2123/457/176 2835/458/176
f 2734/392/225 2216/391/225 2210/425/225 2810/506/225
f 2680/307/224 2307/306/224 2317/422/224 2852/545/224
f 2858/548/276 2303/549/276 2294/445/276 2859/446/276
f 2860/550/298 2163/509/298 2162/487/298 2861/551/298
f 2862/397/249 2107/398/249 2100/322/249 2729/323/249
f 2863/336/198 2145/335/198 2158/334/198 2864/333/198
f 2865/552/185 2263/553/185 2248/492/185 2866/493/185
f 2867/554/44 2194/555/44 2195/519/44 2824/518/44
f 2868/459/271 2212/460/271 2215/469/271 2869/470/271
f 2869/470/269 2215/469/269 2214/468/269 2870/556/269
f 2871/430/175 2122/429/175 2127/428/175 2857/427/175
f 2745/415/268 2302/414/268 2291/434/268 2760/433/268
f 2843/347/45 2314/348/45 2319/410/45 2872/411/45
f 2836/539/178 2124/538/178 2132/537/178 2873/536/178
f 2780/470/222 2182/469/222 2165/460/222 2774/459/222
f 2828/387/237 2254/388/237 2240/421/237 2748/420/237
f 2874/344/281 2170/343/281 2175/342/281 2802/341/281
f 2875/409/283 2312/353/283 2313/352/283 2876/351/283
f 2833/495/231 2220/494/231 2221/342/231 2702/341/231
f 2877/331/202 2161/330/202 2146/329/202 2704/328/202
f 2878/544/259 2081/543/259 2083/461/259 2830/462/259
f 2834/475/244 2257/474/244 2259/473/244 2879/472/244
f 2801/463/214 2178/464/214 2166/407/214 2815/408/214
f 2879/472/242 2259/473/242 2265/394/242 2735/393/242
f 2848/365/188 2282/366/188 2275/418/188 2880/419/188
f 2849/544/212 2290/543/212 2296/557/212 2881/558/212
f 2816/405/299 2167/406/299 2169/468/299 2779/467/299
f 2882/525/217 2228/524/217 2223/523/217 2883/522/217
f 2759/355/300 2305/356/300 2304/559/300 2884/560/300
f 2885/362/209 2230/359/209 2224/561/209 2886/562/209
f 2204/301/273 2212/460/273 2868/459/273 2752/300/273
f 2859/446/274 2294/445/274 2288/444/274 2887/443/274
f 2888/416/196 2272/417/196 2285/321/196 2687/320/196
f 2721/374/173 2117/373/173 2113/532/173 2889/533/173
f 2125/474/197 2120/318/197 2782/319/197 2785/475/197
f 2861/551/36 2162/487/36 2179/486/36 2890/563/36
f 2805/499/282 2171/498/282 2170/343/282 2874/344/282
f 2202/509/277 2205/302/277 2751/303/277 2812/510/277
f 2725/382/205 2104/381/205 2112/535/205 2891/534/205
f 2839/382/252 2281/381/252 2274/380/252 2892/379/252
f 2893/564/301 2084/559/301 2085/356/301 2710/355/301
f 2894/516/199 2252/515/199 2243/363/199 2895/364/199
f 2896/565/45 2172/513/45 2180/512/45 2897/511/45
f 2825/521/302 2196/520/302 2197/486/302 2794/489/302
f 2898/480/196 2160/481/196 2145/335/196 2863/336/196
f 2870/467/303 2214/468/303 2207/406/303 2741/405/303
f 2740/404/197 2253/403/197 2252/515/197 2894/516/197
f 2883/522/219 2223/523/219 2217/527/219 2899/526/219
f 2847/447/185 2128/448/185 2119/530/185 2900/531/185
f 2771/453/275 2067/452/275 2077/422/275 2749/423/275
f 2887/443/272 2288/444/272 2289/413/272 2744/412/272
f 2901/412/223 2092/413/223 2088/444/223 2766/443/223
f 2902/337/210 2176/338/210 2177/465/210 2800/466/210
f 2845/496/304 2201/497/304 2199/512/304 2813/511/304
f 2817/516/246 2154/515/246 2150/403/246 2903/404/246
f 2832/531/170 2261/530/170 2267/448/170 2768/447/170
f 2767/446/227 2087/445/227 2093/549/227 2904/548/227
f 2905/528/189 2118/529/189 2115/395/189 2906/396/189
f 2907/552/172 2140/553/172 2116/449/172 2846/450/172
f 2738/400/204 2292/399/204 2301/385/204 2788/386/204
f 2854/505/182 2139/504/182 2136/326/182 2693/327/182
f 2900/531/187 2119/530/187 2118/529/187 2905/528/187
f 2814/566/305 2198/513/305 2194/555/305 2867/554/305
f 2819/517/306 2098/478/306 2097/477/306 2908/476/306
f 2909/567/307 2187/507/307 2188/425/307 2753/424/307
f 2910/482/193 2244/483/193 2251/402/193 2739/401/193
f 2750/307/308 2095/306/308 2086/305/308 2911/568/308
f 2906/396/191 2115/395/191 2114/394/191 2912/393/191
f 2684/315/205 2235/314/205 2231/360/205 2913/361/205
f 2904/548/229 2093/549/229 2084/559/229 2893/569/229
f 2736/396/238 2266/395/238 2260/529/238 2831/528/238
f 2851/518/66 2193/519/66 2173/555/66 2914/554/66
f 2150/403/244 2133/402/244 2915/401/244 2903/404/244
f 2916/372/180 2143/371/180 2137/370/180 2853/369/180
f 2837/533/182 2264/532/182 2269/373/182 2820/374/182
f 2086/305/269 2094/547/269 2855/546/269 2911/568/269
f 2880/419/190 2275/418/190 2276/298/190 2698/299/190
f 2899/526/221 2217/527/221 2219/390/221 2733/389/221
f 2872/411/284 2319/410/284 2312/353/284 2875/409/284
f 2783/316/201 2109/317/201 2110/380/201 2724/379/201
f 2873/536/179 2132/537/179 2143/371/179 2916/372/179
f 2892/379/250 2274/380/250 2284/317/250 2685/316/250
f 2917/420/188 2135/421/188 2153/388/188 2731/387/188
f 2695/324/186 2141/325/186 2135/421/186 2917/420/186
f 2912/393/193 2114/394/193 2121/473/193 2784/472/193
f 2699/296/194 2287/297/194 2272/417/194 2888/416/194
f 2918/400/251 2108/399/251 2107/398/251 2862/397/251
f 2890/570/48 2179/486/48 2181/520/48 2850/521/48
f 2769/450/183 2262/449/183 2263/553/183 2865/552/183
f 2895/364/201 2243/363/201 2238/313/201 2683/312/201
f 2742/408/263 2206/407/263 2222/464/263 2777/463/263
f 2697/336/245 2237/335/245 2229/481/245 2789/480/245
f 2886/562/211 2224/561/211 2227/293/211 2673/292/211
f 2876/351/282 2313/352/282 2320/357/282 2758/358/282
f 2823/292/260 2148/293/260 2155/561/260 2919/562/260
f 2803/495/278 2164/494/278 2187/507/278 2909/571/278
f 2915/401/242 2133/402/242 2142/483/242 2792/482/242 2920/572/242
f 2921/573/220 2321/547/220 2308/305/220 2679/574/220
f 2922/503/209 2105/502/209 2101/501/209 2818/500/209
f 2864/333/200 2158/334/200 2161/330/200 2877/331/200
f 2089/414/221 2092/413/221 2901/412/221 2923/415/221
f 2924/575/270 2192/390/270 2190/527/270 2829/526/270
f 2889/533/174 2113/532/174 2122/429/174 2871/430/174
f 2730/320/245 2103/321/245 2106/417/245 2746/416/245
f 2688/323/200 2279/322/200 2273/398/200 2737/397/200
f 2919/562/258 2155/561/258 2156/359/258 2713/362/258
f 2674/295/215 2226/294/215 2228/524/215 2882/525/215
f 2796/308/194 2159/309/194 2160/481/194 2898/480/194
f 2914/554/63 2173/555/63 2172/513/63 2896/565/63
f 2925/436/217 2096/435/217 2090/434/217 2926/433/217
f 2765/442/218 2300/441/218 2321/547/218 2921/573/218
f 2808/437/309 2070/438/309 2072/451/309 2770/454/309
f 2866/493/187 2248/492/187 2247/491/187 2927/490/187
f 2928/558/261 2079/557/261 2081/543/261 2878/544/261
f 2927/490/189 2247/491/189 2242/484/189 2929/485/189
f 2727/386/310 2102/385/310 2108/399/310 2918/576/310
f 2678/303/228 2183/302/228 2163/509/228 2860/577/228
f 2929/485/191 2242/484/191 2244/483/191 2910/482/191
f 2799/493/170 2138/492/170 2140/553/170 2907/552/170
f 2856/442/265 2091/441/265 2080/440/265 2930/439/265
f 2884/560/278 2304/559/278 2303/549/278 2858/548/278
f 2728/346/253 2234/345/253 2232/329/253 2691/328/253
f 2827/525/264 2184/524/264 2185/294/264 2822/295/264
f 2712/340/208 2191/339/208 2176/338/208 2902/337/208
f 2218/465/259 2211/338/259 2700/337/259 2778/466/259
f 2897/511/311 2180/512/311 2174/497/311 2804/496/311
f 2881/558/214 2296/557/214 2295/440/214 2764/439/214
f 2754/426/272 2186/391/272 2192/390/272 2924/575/272
f 2891/534/207 2112/535/207 2105/502/207 2922/503/207
f 2913/361/207 2231/360/207 2230/359/207 2885/362/207
f 2703/344/287 2213/343/287 2203/498/287 2844/499/287
f 2926/433/219 2090/434/219 2089/414/219 2923/415/219
f 2908/476/215 2097/477/215 2096/435/215 2925/436/215
f 2930/439/263 2080/440/263 2079/557/263 2928/558/263
f 447/86/2 701/86/2 681/86/2 446/86/2
f 446/86/2 681/86/2 680/86/2 450/86/2
f 450/86/2 680/86/2 688/86/2 451/86/2
f 451/86/2 688/86/2 682/86/2 453/86/2
f 453/86/2 682/86/2 679/86/2 455/86/2
f 455/86/2 679/86/2 678/86/2 465/86/2
f 465/86/1 473/86/1 683/86/1 678/86/1
f 473/86/2 683/86/2 672/86/2 472/86/2
f 472/86/2 672/86/2 695/86/2 460/86/2
f 460/86/2 695/86/2 696/86/2 462/86/2
f 462/86/2 696/86/2 694/86/2 468/86/2
f 468/86/1 471/86/1 700/86/1 694/86/1
f 471/86/2 700/86/2 698/86/2 469/86/2
f 469/86/2 698/86/2 697/86/2 475/86/2
f 475/86/2 697/86/2 692/86/2 480/86/2
f 480/86/2 692/86/2 693/86/2 478/86/2
f 478/86/1 479/86/1 656/86/1 693/86/1
f 479/86/2 656/86/2 663/86/2 476/86/2
f 476/86/2 663/86/2 664/86/2 482/86/2
f 482/86/2 664/86/2 665/86/2 483/86/2
f 483/86/2 665/86/2 655/86/2 487/86/2
f 487/86/1 490/86/1 652/86/1 655/86/1
f 490/86/2 652/86/2 660/86/2 495/86/2
f 495/86/2 660/86/2 662/86/2 504/86/2
f 504/86/2 662/86/2 658/86/2 505/86/2
f 505/86/1 503/86/1 641/86/1 658/86/1
f 503/86/2 641/86/2 650/86/2 496/86/2
f 496/86/2 650/86/2 639/86/2 494/86/2
f 494/86/2 639/86/2 642/86/2 499/86/2
f 499/86/2 642/86/2 646/86/2 500/86/2
f 500/86/2 646/86/2 648/86/2 515/86/2
f 515/86/2 648/86/2 624/86/2 514/86/2
f 583/86/1 1272/154/1 1271/153/1 576/86/1
f 576/86/1 1271/153/1 1270/151/1 586/86/1
f 586/86/1 1270/151/1 1269/150/1 581/86/1
f 581/86/1 1269/150/1 1268/149/1 578/86/1
f 578/86/1 1268/149/1 1267/4/1 580/86/1
f 580/86/1 1267/4/1 1266/148/1 575/86/1
f 575/86/1 1266/148/1 1264/146/1 585/86/1
f 585/86/1 1264/146/1 1263/144/1 603/86/1
f 603/86/1 1263/144/1 1262/3/1 594/86/1
f 594/86/1 1262/3/1 1260/142/1 602/86/1
f 602/86/1 1260/142/1 1258/140/1 599/86/1
f 599/86/1 1258/140/1 1256/138/1 588/86/1
f 588/86/1 1256/138/1 1254/11/1 587/86/1
f 587/86/1 1254/11/1 1252/136/1 589/86/1
f 589/86/1 1252/136/1 1250/134/1 591/86/1
f 591/86/1 1250/134/1 1248/132/1 590/86/1
f 590/86/1 1248/132/1 1246/19/1 610/86/1
f 610/86/1 1246/19/1 1244/130/1 616/86/1
f 616/86/1 1244/130/1 1242/128/1 615/86/1
f 615/86/1 1242/128/1 1240/126/1 608/86/1
f 608/86/1 1240/126/1 1238/79/1 611/86/1
f 611/86/1 1238/79/1 1236/124/1 614/86/1
f 614/86/1 1236/124/1 1234/122/1 607/86/1
f 607/86/1 1234/122/1 1232/120/1 619/86/1
f 619/86/1 1232/120/1 1230/76/1 634/86/1
f 634/86/1 1230/76/1 1228/118/1 637/86/1
f 637/86/1 1228/118/1 1226/116/1 638/86/1
f 638/86/1 1226/116/1 1224/114/1 625/86/1
f 625/86/1 1224/114/1 1222/77/1 621/86/1
f 621/86/1 1222/77/1 1220/112/1 630/86/1
f 630/86/1 1220/112/1 1218/110/1 635/86/1
f 635/86/1 1218/110/1 1216/108/1 631/86/1
f 631/86/1 1216/108/1 1214/14/1 632/86/1
f 582/86/1 1274/155/1 1272/154/1 583/86/1
f 577/86/1 1276/156/1 1274/155/1 582/86/1
f 574/86/1 1277/85/1 1276/156/1 577/86/1
f 579/86/1 1278/157/1 1277/85/1 574/86/1
f 584/86/1 1279/158/1 1278/157/1 579/86/1
f 593/86/1 1281/160/1 1279/158/1 584/86/1
f 592/86/1 1283/84/1 1281/160/1 593/86/1
f 601/86/1 1284/162/1 1283/84/1 592/86/1
f 595/86/1 1286/164/1 1284/162/1 601/86/1
f 596/86/1 1288/166/1 1286/164/1 595/86/1
f 600/86/1 1290/32/1 1288/166/1 596/86/1
f 597/86/1 1292/168/1 1290/32/1 600/86/1
f 598/86/1 1294/170/1 1292/168/1 597/86/1
f 604/86/1 1296/172/1 1294/170/1 598/86/1
f 605/86/1 1298/25/1 1296/172/1 604/86/1
f 606/86/1 1300/174/1 1298/25/1 605/86/1
f 609/86/1 1302/176/1 1300/174/1 606/86/1
f 613/86/1 1304/178/1 1302/176/1 609/86/1
f 620/86/1 1306/16/1 1304/178/1 613/86/1
f 612/86/1 1308/180/1 1306/16/1 620/86/1
f 618/86/1 1310/182/1 1308/180/1 612/86/1
f 617/86/1 1312/184/1 1310/182/1 618/86/1
f 628/86/1 1314/17/1 1312/184/1 617/86/1
f 633/86/1 1316/186/1 1314/17/1 628/86/1
f 629/86/1 1318/188/1 1316/186/1 633/86/1
f 622/86/1 1320/190/1 1318/188/1 629/86/1
f 623/86/1 1322/1/1 1320/190/1 622/86/1
f 626/86/1 1324/192/1 1322/1/1 623/86/1
f 627/86/1 1326/194/1 1324/192/1 626/86/1
f 636/86/1 1328/196/1 1326/194/1 627/86/1
f 624/86/1 1330/2/1 1328/196/1 636/86/1
f 567/86/2 563/86/2 1390/47/2 1391/242/2
f 558/86/2 567/86/2 1391/242/2 1392/243/2
f 561/86/1 1394/245/1 1392/243/1 558/86/1
f 568/86/2 561/86/2 1394/245/2 1396/49/2
f 570/86/2 568/86/2 1396/49/2 1398/246/2
f 569/86/2 570/86/2 1398/246/2 1400/248/2
f 559/86/2 569/86/2 1400/248/2 1401/250/2
f 560/86/1 1402/51/1 1401/250/1 559/86/1
f 573/86/2 560/86/2 1402/51/2 1403/252/2
f 552/86/2 573/86/2 1403/252/2 1405/254/2
f 547/86/1 1407/256/1 1405/254/1 552/86/1
f 548/86/2 547/86/2 1407/256/2 1409/53/2
f 542/86/2 548/86/2 1409/53/2 1411/258/2
f 550/86/2 542/86/2 1411/258/2 1413/260/2
f 551/86/2 550/86/2 1413/260/2 1415/262/2
f 553/86/2 551/86/2 1415/262/2 1417/55/2
f 544/86/2 553/86/2 1417/55/2 1419/264/2
f 525/86/1 1421/266/1 1419/264/1 544/86/1
f 531/86/2 525/86/2 1421/266/2 1423/268/2
f 537/86/1 1425/27/1 1423/268/1 531/86/1
f 524/86/2 537/86/2 1425/27/2 1427/270/2
f 539/86/2 524/86/2 1427/270/2 1429/272/2
f 528/86/1 1431/274/1 1429/272/1 539/86/1
f 527/86/2 528/86/2 1431/274/2 1433/21/2
f 534/86/2 527/86/2 1433/21/2 1435/276/2
f 522/86/2 534/86/2 1435/276/2 1437/278/2
f 521/86/2 522/86/2 1437/278/2 1439/280/2
f 516/86/2 521/86/2 1439/280/2 1441/13/2
f 508/86/2 516/86/2 1441/13/2 1443/282/2
f 510/86/1 1445/284/1 1443/282/1 508/86/1
f 523/86/2 510/86/2 1445/284/2 1447/286/2
f 520/86/2 523/86/2 1447/286/2 1214/98/2
f 632/86/2 520/86/2 1214/14/2
f 563/86/2 562/86/2 1389/241/2 1390/47/2
f 562/86/2 566/86/2 1387/240/2 1389/241/2
f 566/86/2 571/86/2 1386/239/2 1387/240/2
f 571/86/2 564/86/2 1384/46/2 1386/239/2
f 564/86/2 565/86/2 1382/238/2 1384/46/2
f 565/86/2 572/86/2 1381/236/2 1382/238/2
f 572/86/1 1381/236/1 1379/234/1 557/86/1
f 557/86/2 556/86/2 1378/23/2 1379/234/2
f 556/86/2 555/86/2 1376/232/2 1378/23/2
f 555/86/2 546/86/2 1374/230/2 1376/232/2
f 546/86/2 540/86/2 1372/228/2 1374/230/2
f 540/86/2 541/86/2 1370/22/2 1372/228/2
f 541/86/1 1370/22/1 1368/226/1 554/86/1
f 554/86/2 543/86/2 1366/224/2 1368/226/2
f 543/86/1 1366/224/1 1364/222/1 549/86/1
f 549/86/2 545/86/2 1362/30/2 1364/222/2
f 545/86/2 538/86/2 1360/220/2 1362/30/2
f 538/86/2 529/86/2 1358/218/2 1360/220/2
f 529/86/2 530/86/2 1356/216/2 1358/218/2
f 530/86/2 532/86/2 1354/44/2 1356/216/2
f 532/86/2 533/86/2 1352/214/2 1354/44/2
f 533/86/2 526/86/2 1350/212/2 1352/214/2
f 526/86/2 536/86/2 1348/210/2 1350/212/2
f 536/86/1 1348/210/1 1346/42/1 535/86/1
f 535/86/2 509/86/2 1344/208/2 1346/42/2
f 509/86/2 511/86/2 1342/206/2 1344/208/2
f 511/86/2 517/86/2 1340/204/2 1342/206/2
f 517/86/1 1340/204/1 1338/39/1 518/86/1
f 518/86/2 512/86/2 1336/202/2 1338/39/2
f 512/86/2 513/86/2 1334/200/2 1336/202/2
f 513/86/2 519/86/2 1332/198/2 1334/200/2
f 519/86/2 514/86/2 1330/2/2 1332/198/2
f 624/86/2 1330/2/2 514/86/2
f 306/86/1 317/86/1 2193/519/1 2181/520/1
f 304/86/1 306/86/1 2181/520/1 2179/486/1
f 287/86/1 304/86/1 2179/486/1 2162/487/1
f 288/86/1 287/86/1 2162/487/1 2163/509/1
f 308/86/1 288/86/1 2163/509/1 2183/302/1
f 293/86/1 308/86/1 2183/302/1 2168/301/1
f 290/86/1 293/86/1 2168/301/1 2165/460/1
f 307/86/1 290/86/1 2165/460/1 2182/469/1
f 294/86/1 307/86/1 2182/469/1 2169/468/1
f 292/86/1 294/86/1 2169/468/1 2167/406/1
f 291/86/1 292/86/1 2167/406/1 2166/407/1
f 303/86/1 291/86/1 2166/407/1 2178/464/1
f 302/86/1 303/86/1 2178/464/1 2177/465/1
f 301/86/1 302/86/1 2177/465/1 2176/338/1
f 315/86/1 301/86/1 2176/338/1 2191/339/1
f 274/86/1 315/86/1 2191/339/1 2149/345/1
f 271/86/1 274/86/1 2149/345/1 2146/329/1
f 286/86/1 271/86/1 2146/329/1 2161/330/1
f 283/86/1 286/86/1 2161/330/1 2158/334/1
f 270/86/1 283/86/1 2158/334/1 2145/335/1
f 285/86/1 270/86/1 2145/335/1 2160/481/1
f 284/86/1 285/86/1 2160/481/1 2159/309/1
f 276/86/1 284/86/1 2159/309/1 2151/310/1
f 278/86/1 276/86/1 2151/310/1 2153/388/1
f 260/86/1 278/86/1 2153/388/1 2135/421/1
f 266/86/1 260/86/1 2135/421/1 2141/325/1
f 261/86/1 266/86/1 2141/325/1 2136/326/1
f 264/86/1 261/86/1 2136/326/1 2139/504/1
f 262/86/1 264/86/1 2139/504/1 2137/370/1
f 268/86/1 262/86/1 2137/370/1 2143/371/1
f 257/86/1 268/86/1 2143/371/1 2132/537/1
f 249/86/1 257/86/1 2132/537/1 2124/538/1
f 248/86/1 249/86/1 2124/456/1 2123/457/1
f 252/86/1 248/86/1 2123/457/1 2127/428/1
f 247/86/1 252/86/1 2127/428/1 2122/429/1
f 238/86/1 247/86/1 2122/429/1 2113/532/1
f 242/86/1 238/86/1 2113/532/1 2117/373/1
f 255/86/1 242/86/1 2117/373/1 2130/367/1
f 254/86/1 255/86/1 2130/367/1 2129/366/1
f 251/86/1 254/86/1 2129/366/1 2126/418/1
f 236/86/1 251/86/1 2126/418/1 2111/298/1
f 224/86/1 236/86/1 2111/298/1 2099/297/1
f 231/86/1 224/86/1 2099/297/1 2106/417/1
f 228/86/1 231/86/1 2106/417/1 2103/321/1
f 225/86/1 228/86/1 2103/321/1 2100/322/1
f 232/86/1 225/86/1 2100/322/1 2107/398/1
f 233/86/1 232/86/1 2107/398/1 2108/399/1
f 227/86/1 233/86/1 2108/399/1 2102/385/1
f 207/86/1 227/86/1 2102/385/1 2082/384/1
f 208/86/1 207/86/1 2082/384/1 2083/461/1
f 206/86/1 208/86/1 2083/461/1 2081/543/1
f 204/86/1 206/86/1 2081/543/1 2079/557/1
f 205/86/1 204/86/1 2079/557/1 2080/440/1
f 216/86/1 205/86/1 2080/440/1 2091/441/1
f 219/86/1 216/86/1 2091/441/1 2094/547/1
f 211/86/1 219/86/1 2094/547/1 2086/305/1
f 220/86/1 211/86/1 2086/305/1 2095/306/1
f 202/86/1 220/86/1 2095/306/1 2077/422/1
f 192/86/1 202/86/1 2077/422/1 2067/452/1
f 197/86/1 192/86/1 2067/452/1 2072/451/1
f 195/86/1 197/86/1 2072/451/1 2070/438/1
f 198/86/1 195/86/1 2070/438/1 2073/377/1
f 203/86/1 198/86/1 2073/377/1 2078/376/1
f 193/86/1 203/86/1 2078/376/1 2068/432/1
f 200/86/1 193/86/1 2068/432/1 2075/349/1
f 199/86/1 200/86/1 2075/349/1 2074/348/1
f 194/86/1 199/86/1 2074/348/1 2069/410/1
f 191/86/1 194/86/1 2069/410/1 2066/353/1
f 196/86/1 191/86/1 2066/353/1 2071/352/1
f 201/86/1 196/86/1 2071/352/1 2076/357/1
f 210/86/1 201/86/1 2076/357/1 2085/356/1
f 209/86/1 210/86/1 2085/356/1 2084/559/1
f 218/86/1 209/86/1 2084/559/1 2093/549/1
f 212/86/1 218/86/1 2093/549/1 2087/445/1
f 213/86/1 212/86/1 2087/445/1 2088/444/1
f 217/86/1 213/86/1 2088/444/1 2092/413/1
f 214/86/1 217/86/1 2092/413/1 2089/414/1
f 215/86/1 214/86/1 2089/414/1 2090/434/1
f 221/86/1 215/86/1 2090/434/1 2096/435/1
f 222/86/1 221/86/1 2096/435/1 2097/477/1
f 223/86/1 222/86/1 2097/477/1 2098/478/1
f 226/86/1 223/86/1 2098/478/1 2101/501/1
f 230/86/1 226/86/1 2101/501/1 2105/502/1
f 237/86/1 230/86/1 2105/502/1 2112/535/1
f 229/86/1 237/86/1 2112/535/1 2104/381/1
f 235/86/1 229/86/1 2104/381/1 2110/380/1
f 234/86/1 235/86/1 2110/380/1 2109/317/1
f 245/86/1 234/86/1 2109/317/1 2120/318/1
f 250/86/1 245/86/1 2120/318/1 2125/474/1
f 246/86/1 250/86/1 2125/474/1 2121/473/1
f 239/86/1 246/86/1 2121/473/1 2114/394/1
f 240/86/1 239/86/1 2114/394/1 2115/395/1
f 243/86/1 240/86/1 2115/395/1 2118/529/1
f 244/86/1 243/86/1 2118/529/1 2119/530/1
f 253/86/1 244/86/1 2119/530/1 2128/448/1
f 241/86/1 253/86/1 2128/448/1 2116/449/1
f 265/86/1 241/86/1 2116/449/1 2140/553/1
f 263/86/1 265/86/1 2140/553/1 2138/492/1
f 259/86/1 263/86/1 2138/492/1 2134/491/1
f 256/86/1 259/86/1 2134/491/1 2131/484/1
f 267/86/1 256/86/1 2131/484/1 2142/483/1
f 258/86/1 267/86/1 2142/483/1 2133/402/1
f 275/86/1 258/86/1 2133/402/1 2150/403/1
f 279/86/1 275/86/1 2150/403/1 2154/515/1
f 277/86/1 279/86/1 2154/515/1 2152/363/1
f 269/86/1 277/86/1 2152/363/1 2144/313/1
f 272/86/1 269/86/1 2144/313/1 2147/314/1
f 282/86/1 272/86/1 2147/314/1 2157/360/1
f 281/86/1 282/86/1 2157/360/1 2156/359/1
f 280/86/1 281/86/1 2156/359/1 2155/561/1
f 273/86/1 280/86/1 2155/561/1 2148/293/1
f 310/86/1 273/86/1 2148/293/1 2185/294/1
f 309/86/1 310/86/1 2185/294/1 2184/524/1
f 313/86/1 309/86/1 2184/524/1 2189/523/1
f 314/86/1 313/86/1 2189/523/1 2190/527/1
f 316/86/1 314/86/1 2190/527/1 2192/390/1
f 311/86/1 316/86/1 2192/390/1 2186/391/1
f 312/86/1 311/86/1 2186/391/1 2188/425/1
f 2331/86/312 312/86/312 2188/425/312 2187/507/312
f 289/86/313 2331/86/313 2187/507/313 2164/494/313
f 300/86/1 289/86/1 2164/494/1 2175/342/1
f 295/86/1 300/86/1 2175/342/1 2170/343/1
f 296/86/1 295/86/1 2170/343/1 2171/498/1
f 299/86/1 296/86/1 2171/498/1 2174/497/1
f 305/86/1 299/86/1 2174/497/1 2180/512/1
f 297/86/1 305/86/1 2180/512/1 2172/513/1
f 298/86/1 297/86/1 2172/513/1 2173/555/1
f 317/86/1 298/86/1 2173/555/1 2193/519/1
f 319/86/2 318/86/2 2194/555/2 2195/519/2
f 318/86/2 322/86/2 2198/513/2 2194/555/2
f 322/86/2 323/86/2 2199/512/2 2198/513/2
f 323/86/2 325/86/2 2201/497/2 2199/512/2
f 325/86/2 327/86/2 2203/498/2 2201/497/2
f 327/86/2 337/86/2 2213/343/2 2203/498/2
f 345/86/1 337/86/1 2213/343/1 2221/342/1
f 345/86/2 344/86/2 2220/494/2 2221/342/2
f 344/86/2 332/86/2 2208/507/2 2220/494/2
f 332/86/2 334/86/2 2210/425/2 2208/507/2
f 334/86/2 340/86/2 2216/391/2 2210/425/2
f 343/86/1 340/86/1 2216/391/1 2219/390/1
f 343/86/2 341/86/2 2217/527/2 2219/390/2
f 341/86/2 347/86/2 2223/523/2 2217/527/2
f 347/86/2 352/86/2 2228/524/2 2223/523/2
f 352/86/2 350/86/2 2226/294/2 2228/524/2
f 351/86/1 350/86/1 2226/294/1 2227/293/1
f 351/86/2 348/86/2 2224/561/2 2227/293/2
f 348/86/2 354/86/2 2230/359/2 2224/561/2
f 354/86/2 355/86/2 2231/360/2 2230/359/2
f 355/86/2 359/86/2 2235/314/2 2231/360/2
f 362/86/1 359/86/1 2235/314/1 2238/313/1
f 362/86/2 367/86/2 2243/363/2 2238/313/2
f 367/86/2 376/86/2 2252/515/2 2243/363/2
f 376/86/2 377/86/2 2253/403/2 2252/515/2
f 375/86/1 377/86/1 2253/403/1 2251/402/1
f 375/86/2 368/86/2 2244/483/2 2251/402/2
f 368/86/2 366/86/2 2242/484/2 2244/483/2
f 366/86/2 371/86/2 2247/491/2 2242/484/2
f 371/86/2 372/86/2 2248/492/2 2247/491/2
f 372/86/2 387/86/2 2263/553/2 2248/492/2
f 387/86/2 386/86/2 2262/449/2 2263/553/2
f 386/86/2 391/86/2 2267/448/2 2262/449/2
f 391/86/2 385/86/2 2261/530/2 2267/448/2
f 385/86/2 384/86/2 2260/529/2 2261/530/2
f 384/86/2 390/86/2 2266/395/2 2260/529/2
f 389/86/1 390/86/1 2266/395/1 2265/394/1
f 389/86/2 383/86/2 2259/473/2 2265/394/2
f 383/86/2 381/86/2 2257/474/2 2259/473/2
f 381/86/2 407/86/2 2283/318/2 2257/474/2
f 408/86/1 407/86/1 2283/318/1 2284/317/1
f 408/86/2 398/86/2 2274/380/2 2284/317/2
f 398/86/2 405/86/2 2281/381/2 2274/380/2
f 405/86/2 404/86/2 2280/535/2 2281/381/2
f 404/86/2 402/86/2 2278/502/2 2280/535/2
f 402/86/2 401/86/2 2277/501/2 2278/502/2
f 401/86/2 410/86/2 2286/478/2 2277/501/2
f 410/86/2 417/86/2 2293/477/2 2286/478/2
f 417/86/2 421/86/2 2297/435/2 2293/477/2
f 415/86/1 421/86/1 2297/435/1 2291/434/1
f 415/86/2 426/86/2 2302/414/2 2291/434/2
f 413/86/1 426/86/1 2302/414/1 2289/413/1
f 413/86/2 412/86/2 2288/444/2 2289/413/2
f 412/86/2 418/86/2 2294/445/2 2288/444/2
f 418/86/2 427/86/2 2303/549/2 2294/445/2
f 427/86/2 428/86/2 2304/559/2 2303/549/2
f 428/86/2 429/86/2 2305/356/2 2304/559/2
f 444/86/1 429/86/1 2305/356/1 2320/357/1
f 444/86/2 437/86/2 2313/352/2 2320/357/2
f 437/86/2 436/86/2 2312/353/2 2313/352/2
f 436/86/2 443/86/2 2319/410/2 2312/353/2
f 443/86/2 438/86/2 2314/348/2 2319/410/2
f 438/86/2 434/86/2 2310/349/2 2314/348/2
f 434/86/2 435/86/2 2311/432/2 2310/349/2
f 435/86/2 439/86/2 2315/376/2 2311/432/2
f 439/86/2 430/86/2 2306/377/2 2315/376/2
f 433/86/1 430/86/1 2306/377/1 2309/438/1
f 433/86/2 440/86/2 2316/451/2 2309/438/2
f 440/86/2 442/86/2 2318/452/2 2316/451/2
f 442/86/2 441/86/2 2317/422/2 2318/452/2
f 441/86/2 431/86/2 2307/306/2 2317/422/2
f 432/86/1 431/86/1 2307/306/1 2308/305/1
f 432/86/2 445/86/2 2321/547/2 2308/305/2
f 445/86/2 424/86/2 2300/441/2 2321/547/2
f 419/86/1 424/86/1 2300/441/1 2295/440/1
f 419/86/2 420/86/2 2296/557/2 2295/440/2
f 420/86/2 414/86/2 2290/543/2 2296/557/2
f 414/86/2 422/86/2 2298/461/2 2290/543/2
f 422/86/2 423/86/2 2299/384/2 2298/461/2
f 423/86/2 425/86/2 2301/385/2 2299/384/2
f 425/86/2 416/86/2 2292/399/2 2301/385/2
f 397/86/1 416/86/1 2292/399/1 2273/398/1
f 397/86/2 403/86/2 2279/322/2 2273/398/2
f 409/86/1 403/86/1 2279/322/1 2285/321/1
f 409/86/2 396/86/2 2272/417/2 2285/321/2
f 396/86/2 411/86/2 2287/297/2 2272/417/2
f 400/86/1 411/86/1 2287/297/1 2276/298/1
f 400/86/2 399/86/2 2275/418/2 2276/298/2
f 399/86/2 406/86/2 2282/366/2 2275/418/2
f 406/86/2 394/86/2 2270/367/2 2282/366/2
f 394/86/2 393/86/2 2269/373/2 2270/367/2
f 393/86/2 388/86/2 2264/532/2 2269/373/2
f 388/86/2 380/86/2 2256/429/2 2264/532/2
f 382/86/1 380/86/1 2256/429/1 2258/428/1
f 382/86/2 395/86/2 2271/457/2 2258/428/2
f 395/86/2 392/86/2 2268/456/2 2271/457/2
f 392/86/2 379/86/2 2255/537/2 2268/456/2
f 379/86/2 365/86/2 2241/371/2 2255/537/2
f 370/86/1 365/86/1 2241/371/1 2246/370/1
f 370/86/2 374/86/2 2250/504/2 2246/370/2
f 374/86/2 373/86/2 2249/326/2 2250/504/2
f 363/86/1 373/86/1 2249/326/1 2239/325/1
f 364/86/1 363/86/1 2239/325/1 2240/421/1
f 364/86/2 378/86/2 2254/388/2 2240/421/2
f 378/86/2 369/86/2 2245/310/2 2254/388/2
f 360/86/1 369/86/1 2245/310/1 2236/309/1
f 360/86/2 353/86/2 2229/481/2 2236/309/2
f 353/86/2 361/86/2 2237/335/2 2229/481/2
f 349/86/1 361/86/1 2237/335/1 2225/334/1
f 357/86/1 349/86/1 2225/334/1 2233/330/1
f 356/86/1 357/86/1 2233/330/1 2232/329/1
f 356/86/2 358/86/2 2234/345/2 2232/329/2
f 333/86/1 358/86/1 2234/345/1 2209/339/1
f 335/86/1 333/86/1 2209/339/1 2211/338/1
f 335/86/2 342/86/2 2218/465/2 2211/338/2
f 342/86/2 346/86/2 2222/464/2 2218/465/2
f 346/86/2 330/86/2 2206/407/2 2222/464/2
f 331/86/1 330/86/1 2206/407/1 2207/406/1
f 331/86/2 338/86/2 2214/468/2 2207/406/2
f 338/86/2 339/86/2 2215/469/2 2214/468/2
f 339/86/2 336/86/2 2212/460/2 2215/469/2
f 336/86/2 328/86/2 2204/301/2 2212/460/2
f 329/86/1 328/86/1 2204/301/1 2205/302/1
f 329/86/2 326/86/2 2202/509/2 2205/302/2
f 326/86/2 324/86/2 2200/487/2 2202/509/2
f 324/86/2 321/86/2 2197/486/2 2200/487/2
f 321/86/2 320/86/2 2196/520/2 2197/486/2
f 320/86/2 319/86/2 2195/519/2 2196/520/2
f 952/86/1 950/86/1 2334/86/1
f 951/86/1 952/86/1 2334/86/1
f 928/86/1 951/86/1 2334/86/1
f 939/86/1 928/86/1 2334/86/1
f 934/86/1 939/86/1 2334/86/1
f 935/86/1 934/86/1 2334/86/1
f 938/86/1 935/86/1 2334/86/1
f 944/86/1 938/86/1 2334/86/1
f 936/86/1 944/86/1 2334/86/1
f 937/86/1 936/86/1 2334/86/1
f 957/86/1 937/86/1 2334/86/1
f 945/86/1 957/86/1 2334/86/1 2328/86/1
f 943/86/1 945/86/1 2328/86/1
f 926/86/1 943/86/1 2328/86/1
f 927/86/1 926/86/1 2328/86/1
f 947/86/1 927/86/1 2328/86/1
f 932/86/1 947/86/1 2328/86/1
f 929/86/1 932/86/1 2328/86/1
f 946/86/1 929/86/1 2328/86/1
f 933/86/1 946/86/1 2328/86/1
f 931/86/1 933/86/1 2328/86/1
f 930/86/1 931/86/1 2328/86/1
f 942/86/1 930/86/1 2328/86/1
f 941/86/1 942/86/1 2328/86/1
f 940/86/1 941/86/1 2328/86/1
f 955/86/1 940/86/1 2328/86/1
f 913/86/1 955/86/1 2328/86/1
f 910/86/1 913/86/1 2328/86/1
f 925/86/1 910/86/1 2328/86/1
f 922/86/1 925/86/1 2328/86/1
f 909/86/1 922/86/1 2328/86/1
f 924/86/1 909/86/1 2328/86/1
f 923/86/1 924/86/1 2328/86/1 2329/86/1
f 915/86/1 923/86/1 2329/86/1
f 917/86/1 915/86/1 2329/86/1
f 899/86/1 917/86/1 2329/86/1
f 905/86/1 899/86/1 2329/86/1
f 900/86/1 905/86/1 2329/86/1
f 903/86/1 900/86/1 2329/86/1
f 901/86/1 903/86/1 2329/86/1
f 907/86/1 901/86/1 2329/86/1
f 896/86/1 907/86/1 2329/86/1
f 888/86/1 896/86/1 2329/86/1
f 887/86/1 888/86/1 2329/86/1
f 891/86/1 887/86/1 2329/86/1
f 886/86/1 891/86/1 2329/86/1
f 877/86/1 886/86/1 2329/86/1
f 881/86/1 877/86/1 2329/86/1
f 894/86/1 881/86/1 2329/86/1
f 893/86/1 894/86/1 2329/86/1
f 890/86/1 893/86/1 2329/86/1
f 875/86/1 890/86/1 2329/86/1
f 863/86/1 875/86/1 2329/86/1
f 870/86/1 863/86/1 2329/86/1 2330/86/1
f 867/86/1 870/86/1 2330/86/1
f 864/86/1 867/86/1 2330/86/1
f 871/86/1 864/86/1 2330/86/1
f 872/86/1 871/86/1 2330/86/1
f 866/86/1 872/86/1 2330/86/1
f 846/86/1 866/86/1 2330/86/1
f 847/86/1 846/86/1 2330/86/1
f 845/86/1 847/86/1 2330/86/1
f 843/86/1 845/86/1 2330/86/1
f 197/86/314 195/86/314 186/86/314
f 844/86/1 843/86/1 2330/86/1
f 855/86/1 844/86/1 2330/86/1
f 858/86/1 855/86/1 2330/86/1
f 850/86/1 858/86/1 2330/86/1
f 859/86/1 850/86/1 2330/86/1
f 841/86/1 859/86/1 2330/86/1
f 831/86/1 841/86/1 2330/86/1
f 836/86/1 831/86/1 2330/86/1
f 834/86/1 836/86/1 2330/86/1
f 837/86/1 834/86/1 2330/86/1
f 842/86/1 837/86/1 2330/86/1
f 832/86/1 842/86/1 2330/86/1 2332/86/1
f 839/86/1 832/86/1 2332/86/1
f 838/86/1 839/86/1 2332/86/1
f 833/86/1 838/86/1 2332/86/1
f 830/86/1 833/86/1 2332/86/1
f 835/86/1 830/86/1 2332/86/1
f 840/86/1 835/86/1 2332/86/1
f 849/86/1 840/86/1 2332/86/1
f 848/86/1 849/86/1 2332/86/1
f 857/86/1 848/86/1 2332/86/1
f 851/86/1 857/86/1 2332/86/1
f 852/86/1 851/86/1 2332/86/1
f 856/86/1 852/86/1 2332/86/1
f 853/86/1 856/86/1 2332/86/1
f 854/86/1 853/86/1 2332/86/1
f 860/86/1 854/86/1 2332/86/1
f 861/86/1 860/86/1 2332/86/1
f 862/86/1 861/86/1 2332/86/1
f 865/86/1 862/86/1 2332/86/1
f 869/86/1 865/86/1 2332/86/1
f 876/86/1 869/86/1 2332/86/1
f 868/86/1 876/86/1 2332/86/1
f 874/86/1 868/86/1 2332/86/1 2333/86/1
f 873/86/1 874/86/1 2333/86/1
f 884/86/1 873/86/1 2333/86/1
f 889/86/1 884/86/1 2333/86/1
f 885/86/1 889/86/1 2333/86/1
f 878/86/1 885/86/1 2333/86/1
f 879/86/1 878/86/1 2333/86/1
f 882/86/1 879/86/1 2333/86/1
f 883/86/1 882/86/1 2333/86/1
f 892/86/1 883/86/1 2333/86/1
f 880/86/1 892/86/1 2333/86/1
f 904/86/1 880/86/1 2333/86/1
f 897/86/1 906/86/1 2333/86/1
f 914/86/1 897/86/1 2333/86/1
f 918/86/1 914/86/1 2333/86/1
f 916/86/1 918/86/1 2333/86/1
f 908/86/1 916/86/1 2333/86/1
f 911/86/1 908/86/1 2333/86/1 2334/86/1
f 921/86/1 911/86/1 2334/86/1
f 920/86/1 921/86/1 2334/86/1
f 919/86/1 920/86/1 2334/86/1
f 912/86/1 919/86/1 2334/86/1
f 949/86/1 912/86/1 2334/86/1
f 948/86/1 949/86/1 2334/86/1
f 953/86/1 948/86/1 2334/86/1
f 954/86/1 953/86/1 2334/86/1
f 956/86/1 954/86/1 2334/86/1
f 950/86/1 956/86/1 2334/86/1
f 188/578/315 189/99/315 2334/579/315 2333/580/315
f 187/581/316 188/578/316 2333/582/316 2332/583/316
f 186/584/317 187/581/317 2332/585/317 2330/586/317
f 185/14/318 186/584/318 2330/587/318 2329/588/318
f 2322/86/315 2324/86/315 2337/86/315 2335/86/315
f 2325/86/33 2326/86/33 2339/86/33 2338/86/33
f 2325/86/317 2324/86/317 2337/86/317 2338/86/317
f 2322/86/33 2323/86/33 2336/86/33 2335/86/33
f 2327/86/317 2323/86/317 2336/86/317 2340/86/317
f 2326/86/319 2327/86/319 2340/86/319 2339/86/319
f 803/86/1 808/86/1 2323/86/1
f 808/86/1 829/86/1 2323/86/1
f 829/86/1 816/86/1 2323/86/1
f 816/86/1 815/86/1 2323/86/1
f 815/86/1 825/86/1 2323/86/1
f 825/86/1 826/86/1 2323/86/1
f 826/86/1 824/86/1 2323/86/1
f 824/86/1 817/86/1 2323/86/1
f 817/86/1 814/86/1 2323/86/1
f 814/86/1 823/86/1 2323/86/1
f 823/86/1 819/86/1 2327/86/1 2323/86/1
f 819/86/1 818/86/1 2327/86/1
f 818/86/1 822/86/1 2327/86/1
f 822/86/1 827/86/1 2327/86/1
f 827/86/1 820/86/1 2327/86/1
f 820/86/1 821/86/1 2327/86/1
f 821/86/1 828/86/1 2327/86/1
f 828/86/1 813/86/1 2327/86/1
f 813/86/1 812/86/1 2327/86/1
f 812/86/1 811/86/1 2327/86/1
f 811/86/1 802/86/1 2327/86/1
f 802/86/1 796/86/1 2327/86/1
f 796/86/1 797/86/1 2327/86/1
f 797/86/1 810/86/1 2327/86/1
f 810/86/1 799/86/1 2327/86/1
f 799/86/1 805/86/1 2327/86/1
f 805/86/1 801/86/1 2327/86/1
f 801/86/1 794/86/1 2327/86/1
f 794/86/1 785/86/1 2327/86/1
f 785/86/1 786/86/1 2327/86/1
f 786/86/1 788/86/1 2327/86/1
f 788/86/1 789/86/1 2327/86/1
f 789/86/1 782/86/1 2326/86/1 2327/86/1
f 782/86/1 792/86/1 2326/86/1
f 792/86/1 791/86/1 2326/86/1
f 791/86/1 765/86/1 2326/86/1
f 765/86/1 767/86/1 2326/86/1
f 767/86/1 773/86/1 2326/86/1
f 773/86/1 774/86/1 2326/86/1
f 774/86/1 768/86/1 2326/86/1
f 768/86/1 769/86/1 2326/86/1
f 769/86/1 775/86/1 2326/86/1
f 775/86/1 770/86/1 2326/86/1
f 770/86/1 771/86/1 2326/86/1
f 771/86/1 756/86/1 2326/86/1
f 756/86/1 755/86/1 2326/86/1
f 755/86/1 750/86/1 2326/86/1
f 750/86/1 752/86/1 2326/86/1
f 752/86/1 759/86/1 2326/86/1
f 759/86/1 761/86/1 2326/86/1
f 761/86/1 760/86/1 2326/86/1
f 760/86/1 751/86/1 2326/86/1
f 751/86/1 746/86/1 2326/86/1
f 746/86/1 743/86/1 2325/86/1 2326/86/1
f 743/86/1 739/86/1 2325/86/1
f 739/86/1 738/86/1 2325/86/1
f 738/86/1 732/86/1 2325/86/1
f 732/86/1 735/86/1 2325/86/1
f 735/86/1 734/86/1 2325/86/1
f 734/86/1 736/86/1 2325/86/1
f 736/86/1 731/86/1 2325/86/1
f 731/86/1 725/86/1 2325/86/1
f 725/86/1 727/86/1 2325/86/1
f 727/86/1 724/86/1 2325/86/1
f 724/86/1 718/86/1 2325/86/1
f 718/86/1 716/86/1 2325/86/1
f 716/86/1 728/86/1 2325/86/1
f 728/86/1 729/86/1 2325/86/1
f 729/86/1 721/86/1 2325/86/1
f 721/86/1 711/86/1 2325/86/1
f 711/86/1 709/86/1 2325/86/1
f 709/86/1 707/86/1 2325/86/1
f 707/86/1 706/86/1 2325/86/1
f 706/86/1 702/86/1 2325/86/1
f 702/86/1 703/86/1 2325/86/1
f 703/86/1 704/86/1 2324/86/1 2325/86/1
f 704/86/1 705/86/1 2324/86/1
f 705/86/1 708/86/1 2324/86/1
f 708/86/1 710/86/1 2324/86/1
f 710/86/1 713/86/1 2324/86/1
f 713/86/1 712/86/1 2324/86/1
f 712/86/1 720/86/1 2324/86/1
f 720/86/1 723/86/1 2324/86/1
f 723/86/1 722/86/1 2324/86/1
f 722/86/1 715/86/1 2324/86/1
f 715/86/1 714/86/1 2324/86/1
f 714/86/1 730/86/1 2324/86/1
f 730/86/1 726/86/1 2324/86/1
f 726/86/1 719/86/1 2324/86/1
f 719/86/1 717/86/1 2324/86/1
f 717/86/1 742/86/1 2324/86/1
f 742/86/1 740/86/1 2324/86/1
f 740/86/1 741/86/1 2324/86/1
f 741/86/1 733/86/1 2324/86/1
f 733/86/1 745/86/1 2324/86/1
f 745/86/1 737/86/1 2324/86/1
f 737/86/1 744/86/1 2322/86/1 2324/86/1
f 744/86/1 753/86/1 2322/86/1
f 753/86/1 762/86/1 2322/86/1
f 762/86/1 748/86/1 2322/86/1
f 748/86/1 747/86/1 2322/86/1
f 747/86/1 757/86/1 2322/86/1
f 757/86/1 758/86/1 2322/86/1
f 758/86/1 754/86/1 2322/86/1
f 754/86/1 749/86/1 2322/86/1
f 749/86/1 763/86/1 2322/86/1
f 763/86/1 776/86/1 2322/86/1
f 776/86/1 779/86/1 2322/86/1
f 779/86/1 766/86/1 2322/86/1
f 766/86/1 764/86/1 2322/86/1
f 764/86/1 772/86/1 2322/86/1
f 772/86/1 777/86/1 2322/86/1
f 777/86/1 778/86/1 2322/86/1
f 778/86/1 790/86/1 2322/86/1
f 790/86/1 783/86/1 2322/86/1
f 783/86/1 784/86/1 2322/86/1
f 784/86/1 795/86/1 2322/86/1
f 795/86/1 780/86/1 2323/86/1 2322/86/1
f 780/86/1 793/86/1 2323/86/1
f 793/86/1 787/86/1 2323/86/1
f 787/86/1 781/86/1 2323/86/1
f 781/86/1 800/86/1 2323/86/1
f 800/86/1 809/86/1 2323/86/1
f 809/86/1 807/86/1 2323/86/1
f 807/86/1 806/86/1 2323/86/1
f 806/86/1 798/86/1 2323/86/1
f 798/86/1 804/86/1 2323/86/1
f 804/86/1 803/86/1 2323/86/1
f 419/86/1 2336/86/1 424/86/1
f 424/86/1 2336/86/1 445/86/1
f 445/86/1 2336/86/1 432/86/1
f 432/86/1 2336/86/1 431/86/1
f 431/86/1 2336/86/1 441/86/1
f 441/86/1 2336/86/1 442/86/1
f 442/86/1 2336/86/1 440/86/1
f 440/86/1 2336/86/1 433/86/1
f 433/86/1 2336/86/1 430/86/1
f 430/86/1 2336/86/1 439/86/1
f 439/86/1 2336/86/1 2340/86/1 435/86/1
f 435/86/1 2340/86/1 434/86/1
f 434/86/1 2340/86/1 438/86/1
f 438/86/1 2340/86/1 443/86/1
f 443/86/1 2340/86/1 436/86/1
f 436/86/1 2340/86/1 437/86/1
f 437/86/1 2340/86/1 444/86/1
f 444/86/1 2340/86/1 429/86/1
f 429/86/1 2340/86/1 428/86/1
f 428/86/1 2340/86/1 427/86/1
f 427/86/1 2340/86/1 418/86/1
f 418/86/1 2340/86/1 412/86/1
f 412/86/1 2340/86/1 413/86/1
f 413/86/1 2340/86/1 426/86/1
f 426/86/1 2340/86/1 415/86/1
f 415/86/1 2340/86/1 421/86/1
f 421/86/1 2340/86/1 417/86/1
f 417/86/1 2340/86/1 410/86/1
f 410/86/1 2340/86/1 401/86/1
f 401/86/1 2340/86/1 402/86/1
f 402/86/1 2340/86/1 404/86/1
f 404/86/1 2340/86/1 405/86/1
f 405/86/1 2340/86/1 2339/86/1 398/86/1
f 398/86/1 2339/86/1 408/86/1
f 408/86/1 2339/86/1 407/86/1
f 407/86/1 2339/86/1 381/86/1
f 381/86/1 2339/86/1 383/86/1
f 383/86/1 2339/86/1 389/86/1
f 389/86/1 2339/86/1 390/86/1
f 390/86/1 2339/86/1 384/86/1
f 384/86/1 2339/86/1 385/86/1
f 385/86/1 2339/86/1 391/86/1
f 391/86/1 2339/86/1 386/86/1
f 386/86/1 2339/86/1 387/86/1
f 387/86/1 2339/86/1 372/86/1
f 372/86/1 2339/86/1 371/86/1
f 371/86/1 2339/86/1 366/86/1
f 366/86/1 2339/86/1 368/86/1
f 368/86/1 2339/86/1 375/86/1
f 375/86/1 2339/86/1 377/86/1
f 377/86/1 2339/86/1 376/86/1
f 376/86/1 2339/86/1 367/86/1
f 367/86/1 2339/86/1 362/86/1
f 362/86/1 2339/86/1 2338/86/1 359/86/1
f 359/86/1 2338/86/1 355/86/1
f 355/86/1 2338/86/1 354/86/1
f 354/86/1 2338/86/1 348/86/1
f 348/86/1 2338/86/1 351/86/1
f 351/86/1 2338/86/1 350/86/1
f 350/86/1 2338/86/1 352/86/1
f 352/86/1 2338/86/1 347/86/1
f 347/86/1 2338/86/1 341/86/1
f 341/86/1 2338/86/1 343/86/1
f 343/86/1 2338/86/1 340/86/1
f 340/86/1 2338/86/1 334/86/1
f 334/86/1 2338/86/1 332/86/1
f 332/86/1 2338/86/1 344/86/1
f 344/86/1 2338/86/1 345/86/1
f 345/86/1 2338/86/1 337/86/1
f 337/86/1 2338/86/1 327/86/1
f 327/86/1 2338/86/1 325/86/1
f 325/86/1 2338/86/1 323/86/1
f 323/86/1 2338/86/1 322/86/1
f 322/86/1 2338/86/1 318/86/1
f 318/86/1 2338/86/1 319/86/1
f 319/86/1 2338/86/1 2337/86/1 320/86/1
f 320/86/1 2337/86/1 321/86/1
f 321/86/1 2337/86/1 324/86/1
f 324/86/1 2337/86/1 326/86/1
f 326/86/1 2337/86/1 329/86/1
f 329/86/1 2337/86/1 328/86/1
f 328/86/1 2337/86/1 336/86/1
f 336/86/1 2337/86/1 339/86/1
f 339/86/1 2337/86/1 338/86/1
f 338/86/1 2337/86/1 331/86/1
f 331/86/1 2337/86/1 330/86/1
f 330/86/1 2337/86/1 346/86/1
f 346/86/1 2337/86/1 342/86/1
f 342/86/1 2337/86/1 335/86/1
f 335/86/1 2337/86/1 333/86/1
f 333/86/1 2337/86/1 358/86/1
f 358/86/1 2337/86/1 356/86/1
f 356/86/1 2337/86/1 357/86/1
f 357/86/1 2337/86/1 349/86/1
f 349/86/1 2337/86/1 361/86/1
f 361/86/1 2337/86/1 353/86/1
f 353/86/1 2337/86/1 2335/86/1 360/86/1
f 360/86/1 2335/86/1 369/86/1
f 369/86/1 2335/86/1 378/86/1
f 378/86/1 2335/86/1 364/86/1
f 364/86/1 2335/86/1 363/86/1
f 363/86/1 2335/86/1 373/86/1
f 373/86/1 2335/86/1 374/86/1
f 374/86/1 2335/86/1 370/86/1
f 370/86/1 2335/86/1 365/86/1
f 365/86/1 2335/86/1 379/86/1
f 379/86/1 2335/86/1 392/86/1
f 392/86/1 2335/86/1 395/86/1
f 395/86/1 2335/86/1 382/86/1
f 382/86/1 2335/86/1 380/86/1
f 380/86/1 2335/86/1 388/86/1
f 388/86/1 2335/86/1 393/86/1
f 393/86/1 2335/86/1 394/86/1
f 394/86/1 2335/86/1 406/86/1
f 406/86/1 2335/86/1 399/86/1
f 399/86/1 2335/86/1 400/86/1
f 400/86/1 2335/86/1 411/86/1
f 411/86/1 2335/86/1 2336/86/1 396/86/1
f 396/86/1 2336/86/1 409/86/1
f 409/86/1 2336/86/1 403/86/1
f 403/86/1 2336/86/1 397/86/1
f 397/86/1 2336/86/1 416/86/1
f 416/86/1 2336/86/1 425/86/1
f 425/86/1 2336/86/1 423/86/1
f 423/86/1 2336/86/1 422/86/1
f 422/86/1 2336/86/1 414/86/1
f 414/86/1 2336/86/1 420/86/1
f 420/86/1 2336/86/1 419/86/1
f 198/86/320 203/86/320 186/86/320
f 203/86/321 193/86/321 187/86/321 186/86/321
f 193/86/322 200/86/322 187/86/322
f 200/86/323 199/86/323 187/86/323
f 199/86/324 194/86/324 187/86/324
f 194/86/325 191/86/325 187/86/325
f 191/86/326 196/86/326 187/86/326
f 196/86/327 201/86/327 187/86/327
f 201/86/328 210/86/328 187/86/328
f 210/86/329 209/86/329 187/86/329
f 209/86/330 218/86/330 187/86/330
f 218/86/331 212/86/331 187/86/331
f 212/86/332 213/86/332 187/86/332
f 213/86/333 217/86/333 187/86/333
f 217/86/334 214/86/334 187/86/334
f 214/86/335 215/86/335 187/86/335
f 215/86/336 221/86/336 187/86/336
f 221/86/337 222/86/337 187/86/337
f 222/86/338 223/86/338 187/86/338
f 223/86/339 226/86/339 187/86/339
f 226/86/340 230/86/340 187/86/340
f 230/86/341 237/86/341 187/86/341
f 237/86/342 229/86/342 187/86/342
f 229/86/343 235/86/343 188/86/343 187/86/343
f 235/86/344 234/86/344 188/86/344
f 234/86/345 245/86/345 188/86/345
f 245/86/346 250/86/346 188/86/346
f 250/86/347 246/86/347 188/86/347
f 246/86/348 239/86/348 188/86/348
f 239/86/349 240/86/349 188/86/349
f 240/86/350 243/86/350 188/86/350
f 243/86/351 244/86/351 188/86/351
f 244/86/352 253/86/352 188/86/352
f 253/86/353 241/86/353 188/86/353
f 241/86/354 265/86/354 188/86/354
f 265/86/355 263/86/355 188/86/355
f 263/86/356 259/86/356 188/86/356
f 259/86/357 256/86/357 188/86/357
f 256/86/358 267/86/358 188/86/358
f 267/86/359 258/86/359 188/86/359
f 258/86/360 275/86/360 188/86/360
f 275/86/361 279/86/361 188/86/361
f 279/86/362 277/86/362 188/86/362
f 277/86/363 269/86/363 188/86/363
f 269/86/364 272/86/364 189/86/364 188/86/364
f 272/86/365 282/86/365 189/86/365
f 282/86/366 281/86/366 189/86/366
f 281/86/367 280/86/367 189/86/367
f 280/86/368 273/86/368 189/86/368
f 273/86/369 310/86/369 189/86/369
f 310/86/370 309/86/370 189/86/370
f 309/86/371 313/86/371 189/86/371
f 313/86/372 314/86/372 189/86/372
f 314/86/373 316/86/373 189/86/373
f 316/86/374 311/86/374 189/86/374
f 311/86/375 312/86/375 189/86/375
f 312/86/376 2331/86/376 189/86/376
f 2331/86/377 289/86/377 189/86/377
f 289/86/378 300/86/378 189/86/378
f 300/86/379 295/86/379 189/86/379
f 295/86/380 296/86/380 189/86/380
f 296/86/381 299/86/381 189/86/381
f 299/86/382 305/86/382 189/86/382
f 305/86/383 297/86/383 189/86/383
f 297/86/384 298/86/384 189/86/384
f 298/86/385 317/86/385 190/86/385 189/86/385
f 317/86/386 306/86/386 190/86/386
f 306/86/387 304/86/387 190/86/387
f 304/86/388 287/86/388 190/86/388
f 287/86/389 288/86/389 190/86/389
f 288/86/390 308/86/390 190/86/390
f 308/86/391 293/86/391 190/86/391
f 293/86/392 290/86/392 190/86/392
f 290/86/393 307/86/393 190/86/393
f 307/86/394 294/86/394 190/86/394
f 294/86/395 292/86/395 190/86/395
f 292/86/396 291/86/396 190/86/396
f 291/86/397 303/86/397 190/86/397
f 303/86/398 302/86/398 190/86/398
f 302/86/399 301/86/399 190/86/399
f 301/86/400 315/86/400 190/86/400
f 315/86/401 274/86/401 190/86/401
f 274/86/402 271/86/402 190/86/402
f 271/86/403 286/86/403 190/86/403
f 286/86/404 283/86/404 190/86/404
f 283/86/405 270/86/405 190/86/405
f 270/86/406 285/86/406 190/86/406
f 285/86/407 284/86/407 185/86/407 190/86/407
f 185/86/408 224/86/408 231/86/408 186/86/408
f 231/86/409 228/86/409 186/86/409
f 228/86/410 225/86/410 186/86/410
f 225/86/411 232/86/411 186/86/411
f 232/86/412 233/86/412 186/86/412
f 233/86/413 227/86/413 186/86/413
f 227/86/414 207/86/414 186/86/414
f 207/86/415 208/86/415 186/86/415
f 208/86/416 206/86/416 186/86/416
f 206/86/417 204/86/417 186/86/417
f 204/86/418 205/86/418 186/86/418
f 205/86/419 216/86/419 186/86/419
f 216/86/420 219/86/420 186/86/420
f 219/86/421 211/86/421 186/86/421
f 211/86/422 220/86/422 186/86/422
f 220/86/423 202/86/423 186/86/423
f 202/86/424 192/86/424 186/86/424
f 192/86/425 197/86/425 186/86/425
f 276/86/426 185/86/426 284/86/426
f 278/86/427 185/86/427 276/86/427
f 260/86/428 185/86/428 278/86/428
f 266/86/429 185/86/429 260/86/429
f 261/86/430 185/86/430 266/86/430
f 264/86/431 185/86/431 261/86/431
f 262/86/432 185/86/432 264/86/432
f 268/86/433 185/86/433 262/86/433
f 257/86/434 185/86/434 268/86/434
f 249/86/435 185/86/435 257/86/435
f 248/86/436 185/86/436 249/86/436
f 252/86/437 185/86/437 248/86/437
f 247/86/438 185/86/438 252/86/438
f 238/86/439 185/86/439 247/86/439
f 242/86/440 185/86/440 238/86/440
f 255/86/441 185/86/441 242/86/441
f 254/86/442 185/86/442 255/86/442
f 251/86/443 185/86/443 254/86/443
f 236/86/444 185/86/444 251/86/444
f 224/86/445 185/86/445 236/86/445
f 22/86/2 2343/152/2 1273/72/2 24/86/2
f 109/86/2 111/86/2 2354/5/2 2353/94/2
f 70/33/2 1265/34/2 2345/147/2
f 70/33/2 2345/147/2 2346/70/2
f 1393/95/2 1395/244/2 160/36/2
f 2352/247/1 1399/93/1 160/36/1
f 2349/71/2 73/56/2 2348/59/2
f 111/86/2 113/86/2 2355/92/2 2354/5/2
f 1395/244/2 1397/48/2 160/36/2
f 164/57/2 2357/87/2 1383/237/2
f 160/7/2 109/70/2 2353/94/2
f 22/86/2 20/86/2 2342/68/2 2343/152/2
f 2342/68/2 20/86/2 70/70/2
f 73/56/1 2350/65/1 2349/71/1
f 1383/237/2 1385/6/2 164/57/2
f 2358/14/31 2359/106/31 160/74/31 161/77/31
f 163/1/446 164/63/446 2361/82/446 2360/2/446
f 2360/2/447 2361/82/447 166/40/447 2362/39/447
f 172/2/446 75/39/446 76/40/446 171/82/446
f 183/13/448 184/10/448 2359/9/448 2358/98/448
f 72/1/447 172/2/447 171/82/447 73/63/447
f 119/28/2 121/64/2 164/28/2
f 137/20/2 139/12/2 2367/12/2 2366/20/2
f 104/11/1 102/19/1 161/11/1
f 103/15/2 105/8/2 160/15/2
f 94/14/1 156/13/1 183/13/1 2358/14/1
f 139/12/2 141/6/2 2369/6/2 2367/12/2
f 106/3/1 104/11/1 161/3/1
f 157/86/2 95/86/2 2359/86/2 184/86/2
f 105/8/2 107/7/2 160/8/2
f 108/4/1 106/3/1 161/4/1
f 126/86/1 124/86/1 163/86/1 2360/86/1
f 107/7/2 109/70/2 160/7/2
f 125/63/2 127/82/2 2361/82/2 164/63/2
f 2376/14/448 69/77/448 70/74/448 2375/106/448
f 128/39/1 126/2/1 2360/2/1 2362/39/1
f 25/84/1 27/32/1 72/84/1
f 28/29/2 26/73/2 73/29/2
f 61/55/1 63/27/1 2382/27/1 2381/55/1
f 21/86/449 2395/152/449 2394/68/449 19/86/449
f 21/86/450 23/86/450 2389/72/450 2395/152/450
f 2396/37/451 69/86/451 2386/38/451
f 69/86/452 2396/37/452 2388/34/452
f 69/86/453 2397/147/453 2388/34/453
f 2397/147/454 69/86/454 2398/70/454
f 2398/70/455 2399/69/455 69/86/455
f 2399/69/456 2393/67/456 69/86/456
f 2393/67/457 2394/68/457 69/86/457
f 72/86/458 2392/56/458 2387/60/458
f 2391/57/459 2392/56/459 72/86/459
f 2402/65/460 2391/57/460 72/86/460
f 2401/71/461 2402/65/461 72/86/461
f 2401/71/462 2400/59/462 72/86/462
f 2390/58/463 2400/59/463 72/86/463
f 2389/72/464 2390/58/464 72/86/464
f 72/86/450 2389/72/450 23/86/450
f 69/86/449 19/86/449 2394/68/449
f 71/38/465 2386/38/465 69/86/465 70/74/465
f 72/86/466 73/60/466 74/60/466 2387/60/466
f 165/60/467 2404/60/467 163/86/467 164/63/467
f 108/86/468 2415/94/468 2416/5/468 110/86/468
f 110/86/469 2416/5/469 2417/92/469 112/86/469
f 2405/88/470 163/86/470 2404/60/470
f 2405/88/471 2419/87/471 163/86/471
f 2419/87/472 163/86/472 2406/237/472
f 2406/237/473 163/86/473 2407/6/473
f 2407/6/474 2418/90/474 163/86/474
f 2418/90/475 2408/91/475 163/86/475
f 2408/91/476 2417/92/476 163/86/476
f 163/86/469 112/86/469 2417/92/469
f 161/86/477 2413/35/477 2403/38/477
f 2414/33/478 2413/35/478 161/86/478
f 2412/93/479 2414/33/479 161/86/479
f 2411/48/480 2412/93/480 161/86/480
f 2410/244/481 161/86/481 2411/48/481
f 2409/95/482 161/86/482 2410/244/482
f 2415/94/483 2409/95/483 161/86/483
f 161/86/468 2415/94/468 108/86/468
f 159/38/466 160/74/466 161/86/466 2403/38/466
f 1331/86/97 1329/86/97 2466/86/97 2467/86/97
f 1223/86/39 1221/86/39 2423/86/39 2424/86/39
f 1650/48/93 1648/244/93 2613/244/93 2614/48/93
f 1544/86/115 1546/86/115 2562/86/115 2561/86/115
f 1442/86/60 1440/86/60 2509/86/60 2510/86/60
f 1333/86/44 1331/86/44 2467/86/44 2468/86/44
f 1225/86/54 1223/86/54 2424/86/54 2425/86/54
f 1652/93/132 1650/48/132 2614/48/132 2615/93/132
f 1546/86/114 1548/86/114 2563/86/114 2562/86/114
f 1444/86/42 1442/86/42 2510/86/42 2511/86/42
f 1335/86/38 1333/86/38 2468/86/38 2469/86/38
f 1227/86/57 1225/86/57 2425/86/57 2426/86/57
f 1654/247/52 1652/93/52 2615/93/52 2616/247/52
f 1548/86/75 1550/86/75 2564/86/75 2563/86/75
f 1446/86/45 1444/86/45 2511/86/45 2512/86/45
f 1337/86/41 1335/86/41 2469/86/41 2470/86/41
f 1229/86/110 1227/86/110 2426/86/110 2427/86/110
f 1656/249/78 1654/247/78 2616/247/78 2617/249/78
f 1550/86/104 1552/86/104 2565/86/104 2564/86/104
f 1448/86/63 1446/86/63 2512/86/63 2513/86/63
f 1339/86/142 1337/86/142 2470/86/142 2471/86/142
f 1231/86/77 1229/86/77 2427/86/77 2428/86/77
f 1658/50/127 1656/249/127 2617/249/127 2618/50/127
f 1552/86/72 1554/86/72 2566/86/72 2565/86/72
f 1215/86/66 1448/86/66 2513/86/66 2420/86/66
f 1341/86/65 1339/86/65 2471/86/65 2472/86/65
f 1233/86/95 1231/86/95 2428/86/95 2429/86/95
f 1658/86/64 1660/86/64 2619/86/64 2618/86/64
f 1554/86/69 1556/86/69 2567/86/69 2566/86/69
f 1450/86/44 1452/86/44 2515/86/44 2514/86/44
f 1343/86/53 1341/86/53 2472/86/53 2473/86/53
f 1235/86/87 1233/86/87 2429/86/87 2430/86/87
f 1660/86/161 1662/86/161 2620/86/161 2619/86/161
f 1556/86/90 1558/86/90 2568/86/90 2567/86/90
f 1452/86/38 1454/86/38 2516/86/38 2515/86/38
f 1345/86/164 1343/86/164 2473/86/164 2474/86/164
f 1237/86/82 1235/86/82 2430/86/82 2431/86/82
f 1662/86/151 1664/86/151 2621/86/151 2620/86/151
f 1558/86/108 1560/86/108 2569/86/108 2568/86/108
f 1454/86/41 1456/86/41 2517/86/41 2516/86/41
f 1347/86/50 1345/86/50 2474/86/50 2475/86/50
f 1239/86/92 1237/86/92 2431/86/92 2432/86/92
f 154/86/4 152/86/4 153/86/4 155/86/4
f 1664/86/156 1666/86/156 2622/86/156 2621/86/156
f 1560/86/80 1562/86/80 2570/86/80 2569/86/80
f 1456/86/142 1458/86/142 2518/86/142 2517/86/142
f 1349/86/56 1347/86/56 2475/86/56 2476/86/56
f 1241/86/100 1239/86/100 2432/86/100 2433/86/100
f 165/86/70 1377/86/70 2490/86/70 2404/86/70
f 1666/86/163 1668/86/163 2623/86/163 2622/86/163
f 1562/86/98 1564/86/98 2571/86/98 2570/86/98
f 1458/86/65 1460/86/65 2519/86/65 2518/86/65
f 1351/86/148 1349/86/148 2476/86/148 2477/86/148
f 1243/86/85 1241/86/85 2433/86/85 2434/86/85
f 1668/86/155 1670/86/155 2624/86/155 2623/86/155
f 1564/86/106 1566/86/106 2572/86/106 2571/86/106
f 1460/86/53 1462/86/53 2520/86/53 2519/86/53
f 1353/86/136 1351/86/136 2477/86/136 2478/86/136
f 1245/86/102 1243/86/102 2434/86/102 2435/86/102
f 1670/86/162 1672/86/162 2625/86/162 2624/86/162
f 1566/86/145 1568/86/145 2573/86/145 2572/86/145
f 1462/86/164 1464/86/164 2521/86/164 2520/86/164
f 1355/86/166 1353/86/166 2478/86/166 2479/86/166
f 1247/86/130 1245/86/130 2435/86/130 2436/86/130
f 1672/86/86 1674/86/86 2626/86/86 2625/86/86
f 1568/86/60 1570/86/60 2574/86/60 2573/86/60
f 1464/86/50 1466/86/50 2522/86/50 2521/86/50
f 1357/86/35 1355/86/35 2479/86/35 2480/86/35
f 1249/86/158 1247/86/158 2436/86/158 2437/86/158
f 1674/86/68 1676/86/68 2627/86/68 2626/86/68
f 1570/86/42 1572/86/42 2575/86/42 2574/86/42
f 1466/86/56 1468/86/56 2523/86/56 2522/86/56
f 1359/86/153 1357/86/153 2480/86/153 2481/86/153
f 1251/86/128 1249/86/128 2437/86/128 2438/86/128
f 1676/86/84 1678/86/84 2628/86/84 2627/86/84
f 1572/86/45 1574/86/45 2576/86/45 2575/86/45
f 1468/86/148 1470/86/148 2524/86/148 2523/86/148
f 1361/86/89 1359/86/89 2481/86/89 2482/86/89
f 1253/86/118 1251/86/118 2438/86/118 2439/86/118
f 1678/86/81 1680/86/81 2629/86/81 2628/86/81
f 1574/86/63 1576/86/63 2577/86/63 2576/86/63
f 1470/86/136 1472/86/136 2525/86/136 2524/86/136
f 1363/86/91 1361/86/91 2482/86/91 2483/86/91
f 1255/86/131 1253/86/131 2439/86/131 2440/86/131
f 1680/86/94 1682/86/94 2630/86/94 2629/86/94
f 1576/86/66 1578/86/66 2578/86/66 2577/86/66
f 1472/86/166 1474/86/166 2526/86/166 2525/86/166
f 1365/86/152 1363/86/152 2483/86/152 2484/86/152
f 1257/86/168 1255/86/168 2440/86/168 2441/86/168
f 1682/86/74 1684/86/74 2631/86/74 2630/86/74
f 71/86/113 1261/86/113 2443/86/113 2386/86/113
f 1578/86/51 1580/86/51 2579/86/51 2578/86/51
f 1474/86/35 1476/86/35 2527/86/35 2526/86/35
f 1367/86/133 1365/86/133 2484/86/133 2485/86/133
f 1259/86/121 1257/86/121 2441/86/121 2442/86/121
f 1684/86/76 1686/86/76 2632/86/76 2631/86/76
f 1580/86/48 1582/86/48 2580/86/48 2579/86/48
f 1476/86/153 1478/86/153 2528/86/153 2527/86/153
f 1369/86/157 1367/86/157 2485/86/157 2486/86/157
f 1261/86/125 1259/86/125 2442/86/125 2443/86/125
f 1686/86/79 1688/86/79 2633/86/79 2632/86/79
f 1582/86/36 1584/86/36 2581/86/36 2580/86/36
f 1478/86/89 1480/86/89 2529/86/89 2528/86/89
f 1371/86/124 1369/86/124 2486/86/124 2487/86/124
f 1688/86/71 1690/86/71 2634/86/71 2633/86/71
f 1584/86/39 1586/86/39 2582/86/39 2581/86/39
f 1480/86/91 1482/86/91 2530/86/91 2529/86/91
f 1373/86/160 1371/86/160 2487/86/160 2488/86/160
f 1690/86/59 1692/86/59 2635/86/59 2634/86/59
f 1586/86/54 1588/86/54 2583/86/54 2582/86/54
f 1482/86/152 1484/86/152 2531/86/152 2530/86/152
f 1375/86/159 1373/86/159 2488/86/159 2489/86/159
f 1692/86/141 1694/86/141 2636/86/141 2635/86/141
f 1588/86/57 1590/86/57 2584/86/57 2583/86/57
f 1484/86/133 1486/86/133 2532/86/133 2531/86/133
f 1377/86/129 1375/86/129 2489/86/129 2490/86/129
f 1694/86/165 1696/86/165 2637/86/165 2636/86/165
f 1590/86/110 1592/86/110 2585/86/110 2584/86/110
f 1486/86/157 1488/86/157 2533/86/157 2532/86/157
f 1696/86/143 1698/86/143 2638/86/143 2637/86/143
f 1592/86/77 1594/86/77 2586/86/77 2585/86/77
f 1488/86/124 1490/86/124 2534/86/124 2533/86/124
f 1698/86/62 1700/86/62 2639/86/62 2638/86/62
f 1594/86/95 1596/86/95 2587/86/95 2586/86/95
f 1490/86/160 1492/86/160 2535/86/160 2534/86/160
f 1285/86/64 74/86/64 2387/86/64 2444/86/64
f 156/86/3 154/86/3 155/86/3 157/86/3
f 1700/86/47 1702/86/47 2640/86/47 2639/86/47
f 1596/86/87 1598/86/87 2588/86/87 2587/86/87
f 1492/86/159 1494/86/159 2536/86/159 2535/86/159
f 1702/86/140 1704/86/140 2641/86/140 2640/86/140
f 1598/86/82 1600/86/82 2589/86/82 2588/86/82
f 1285/86/1 1532/86/1 1530/86/1 74/86/1
f 1285/86/1 1287/86/1 1534/86/1 1532/86/1
f 1287/86/1 1289/86/1 1536/86/1 1534/86/1
f 1289/86/1 1291/86/1 1538/86/1 1536/86/1
f 1291/86/1 1293/86/1 1540/86/1 1538/86/1
f 1293/86/1 1295/86/1 1542/86/1 1540/86/1
f 1295/86/1 1297/86/1 1544/86/1 1542/86/1
f 1297/86/1 1299/86/1 1546/86/1 1544/86/1
f 1299/86/1 1301/86/1 1548/86/1 1546/86/1
f 1301/86/1 1303/86/1 1550/86/1 1548/86/1
f 1303/86/1 1305/86/1 1552/86/1 1550/86/1
f 1305/86/1 1307/86/1 1554/86/1 1552/86/1
f 1307/86/1 1309/86/1 1556/86/1 1554/86/1
f 1309/86/1 1311/86/1 1558/86/1 1556/86/1
f 1311/86/1 1313/86/1 1560/86/1 1558/86/1
f 1313/86/1 1315/86/1 1562/86/1 1560/86/1
f 1315/86/1 1317/86/1 1564/86/1 1562/86/1
f 1317/86/1 1319/86/1 1566/86/1 1564/86/1
f 1319/86/1 1321/86/1 1568/86/1 1566/86/1
f 1321/86/1 1323/86/1 1570/86/1 1568/86/1
f 1323/86/1 1325/86/1 1572/86/1 1570/86/1
f 1325/86/1 1327/86/1 1574/86/1 1572/86/1
f 1327/86/1 1329/86/1 1576/86/1 1574/86/1
f 1329/86/1 1331/86/1 1578/86/1 1576/86/1
f 1331/86/1 1333/86/1 1580/86/1 1578/86/1
f 1333/86/1 1335/86/1 1582/86/1 1580/86/1
f 1335/86/1 1337/86/1 1584/86/1 1582/86/1
f 1337/86/1 1339/86/1 1586/86/1 1584/86/1
f 1339/86/1 1341/86/1 1588/86/1 1586/86/1
f 1341/86/1 1343/86/1 1590/86/1 1588/86/1
f 1343/86/1 1345/86/1 1592/86/1 1590/86/1
f 1345/86/1 1347/86/1 1594/86/1 1592/86/1
f 1347/86/1 1349/86/1 1596/86/1 1594/86/1
f 1349/86/1 1351/86/1 1598/86/1 1596/86/1
f 1351/86/1 1353/86/1 1600/86/1 1598/86/1
f 1353/86/1 1355/86/1 1602/86/1 1600/86/1
f 1355/86/1 1357/86/1 1604/86/1 1602/86/1
f 1357/86/1 1359/86/1 1606/86/1 1604/86/1
f 1359/86/1 1361/86/1 1608/86/1 1606/86/1
f 1361/86/1 1363/86/1 1610/86/1 1608/86/1
f 1363/86/1 1365/86/1 1612/86/1 1610/86/1
f 1365/86/1 1367/86/1 1614/86/1 1612/86/1
f 1367/86/1 1369/86/1 1616/86/1 1614/86/1
f 1369/86/1 1371/86/1 1618/86/1 1616/86/1
f 1371/86/1 1373/86/1 1620/86/1 1618/86/1
f 1373/86/1 1375/86/1 1622/86/1 1620/86/1
f 1375/86/1 1377/86/1 1624/86/1 1622/86/1
f 165/86/1 1626/86/1 1624/86/1 1377/86/1
f 1404/86/1 1660/86/1 1658/86/1 159/86/1
f 1404/86/1 1406/86/1 1662/86/1 1660/86/1
f 1406/86/1 1408/86/1 1664/86/1 1662/86/1
f 1408/86/1 1410/86/1 1666/86/1 1664/86/1
f 1410/86/1 1412/86/1 1668/86/1 1666/86/1
f 1412/86/1 1414/86/1 1670/86/1 1668/86/1
f 1414/86/1 1416/86/1 1672/86/1 1670/86/1
f 1416/86/1 1418/86/1 1674/86/1 1672/86/1
f 1418/86/1 1420/86/1 1676/86/1 1674/86/1
f 1420/86/1 1422/86/1 1678/86/1 1676/86/1
f 1422/86/1 1424/86/1 1680/86/1 1678/86/1
f 1424/86/1 1426/86/1 1682/86/1 1680/86/1
f 1426/86/1 1428/86/1 1684/86/1 1682/86/1
f 1428/86/1 1430/86/1 1686/86/1 1684/86/1
f 1430/86/1 1432/86/1 1688/86/1 1686/86/1
f 1432/86/1 1434/86/1 1690/86/1 1688/86/1
f 1434/86/1 1436/86/1 1692/86/1 1690/86/1
f 1436/86/1 1438/86/1 1694/86/1 1692/86/1
f 1438/86/1 1440/86/1 1696/86/1 1694/86/1
f 1440/86/1 1442/86/1 1698/86/1 1696/86/1
f 1442/86/1 1444/86/1 1700/86/1 1698/86/1
f 1444/86/1 1446/86/1 1702/86/1 1700/86/1
f 1446/86/1 1448/86/1 1704/86/1 1702/86/1
f 1448/86/1 1215/86/1 1450/86/1 1704/86/1
f 1215/86/1 1217/86/1 1452/86/1 1450/86/1
f 1217/86/1 1219/86/1 1454/86/1 1452/86/1
f 1219/86/1 1221/86/1 1456/86/1 1454/86/1
f 1221/86/1 1223/86/1 1458/86/1 1456/86/1
f 1223/86/1 1225/86/1 1460/86/1 1458/86/1
f 1225/86/1 1227/86/1 1462/86/1 1460/86/1
f 1227/86/1 1229/86/1 1464/86/1 1462/86/1
f 1229/86/1 1231/86/1 1466/86/1 1464/86/1
f 1231/86/1 1233/86/1 1468/86/1 1466/86/1
f 1233/86/1 1235/86/1 1470/86/1 1468/86/1
f 1235/86/1 1237/86/1 1472/86/1 1470/86/1
f 1237/86/1 1239/86/1 1474/86/1 1472/86/1
f 1239/86/1 1241/86/1 1476/86/1 1474/86/1
f 1241/86/1 1243/86/1 1478/86/1 1476/86/1
f 1243/86/1 1245/86/1 1480/86/1 1478/86/1
f 1245/86/1 1247/86/1 1482/86/1 1480/86/1
f 1247/86/1 1249/86/1 1484/86/1 1482/86/1
f 1249/86/1 1251/86/1 1486/86/1 1484/86/1
f 1251/86/1 1253/86/1 1488/86/1 1486/86/1
f 1253/86/1 1255/86/1 1490/86/1 1488/86/1
f 1255/86/1 1257/86/1 1492/86/1 1490/86/1
f 1257/86/1 1259/86/1 1494/86/1 1492/86/1
f 1259/86/1 1261/86/1 1496/86/1 1494/86/1
f 1261/86/1 71/86/1 1498/86/1 1496/86/1
f 148/86/7 146/86/7 147/86/7 149/86/7
f 146/86/8 144/86/8 145/86/8 147/86/8
f 144/86/9 142/86/9 143/86/9 145/86/9
f 142/86/10 140/86/10 141/86/10 143/86/10
f 140/86/11 138/86/11 139/86/11 141/86/11
f 138/86/12 136/86/12 137/86/12 139/86/12
f 136/86/13 134/86/13 135/86/13 137/86/13
f 134/86/14 132/86/14 133/86/14 135/86/14
f 132/86/15 130/86/15 131/86/15 133/86/15
f 130/86/16 128/86/16 129/86/16 131/86/16
f 128/86/447 126/86/447 127/86/447 129/86/447
f 126/86/446 124/86/446 125/86/446 127/86/446
f 124/86/30 122/86/30 123/86/30 125/86/30
f 122/86/29 120/86/29 121/86/29 123/86/29
f 120/86/28 118/86/28 119/86/28 121/86/28
f 118/86/27 116/86/27 117/86/27 119/86/27
f 116/86/26 114/86/26 115/86/26 117/86/26
f 114/86/25 112/86/25 113/86/25 115/86/25
f 112/86/24 110/86/24 111/86/24 113/86/24
f 110/86/23 108/86/23 109/86/23 111/86/23
f 108/86/22 106/86/22 107/86/22 109/86/22
f 106/86/21 104/86/21 105/86/21 107/86/21
f 104/86/20 102/86/20 103/86/20 105/86/20
f 102/86/19 100/86/19 101/86/19 103/86/19
f 100/86/18 98/86/18 99/86/18 101/86/18
f 98/86/17 96/86/17 97/86/17 99/86/17
f 96/86/31 94/86/31 95/86/31 97/86/31
f 94/86/448 156/86/448 157/86/448 95/86/448
f 67/86/17 68/86/17 66/86/17 65/86/17
f 65/86/18 66/86/18 64/86/18 63/86/18
f 63/86/19 64/86/19 62/86/19 61/86/19
f 61/86/20 62/86/20 60/86/20 59/86/20
f 59/86/21 60/86/21 58/86/21 57/86/21
f 57/86/22 58/86/22 56/86/22 55/86/22
f 55/86/23 56/86/23 54/86/23 53/86/23
f 53/86/24 54/86/24 52/86/24 51/86/24
f 51/86/25 52/86/25 50/86/25 49/86/25
f 49/86/26 50/86/26 48/86/26 47/86/26
f 47/86/27 48/86/27 46/86/27 45/86/27
f 45/86/28 46/86/28 44/86/28 43/86/28
f 43/86/29 44/86/29 42/86/29 41/86/29
f 41/86/30 42/86/30 40/86/30 39/86/30
f 39/86/446 40/86/446 38/86/446 37/86/446
f 37/86/447 38/86/447 36/86/447 35/86/447
f 35/86/16 36/86/16 34/86/16 33/86/16
f 33/86/15 34/86/15 32/86/15 31/86/15
f 31/86/14 32/86/14 30/86/14 29/86/14
f 29/86/13 30/86/13 28/86/13 27/86/13
f 27/86/12 28/86/12 26/86/12 25/86/12
f 25/86/11 26/86/11 24/86/11 23/86/11
f 23/86/10 24/86/10 22/86/10 21/86/10
f 21/86/9 22/86/9 20/86/9 19/86/9
f 19/86/8 20/86/8 18/86/8 17/86/8
f 17/86/7 18/86/7 16/86/7 15/86/7
f 15/86/6 16/86/6 14/86/6 12/86/6
f 12/86/5 14/86/5 10/86/5 9/86/5
f 9/86/4 10/86/4 8/86/4 7/86/4
f 7/86/3 8/86/3 6/86/3 5/86/3
f 5/86/448 6/86/448 4/86/448 2/86/448
f 2/86/31 4/86/31 68/86/31 67/86/31
f 1431/86/125 2443/86/125 2442/86/125 1429/86/125
f 1429/86/121 2442/86/121 2441/86/121 1427/86/121
f 1427/86/168 2441/86/168 2440/86/168 1425/86/168
f 1425/86/131 2440/86/131 2439/86/131 1423/86/131
f 1423/86/118 2439/86/118 2438/86/118 1421/86/118
f 1421/86/128 2438/86/128 2437/86/128 1419/86/128
f 1419/86/158 2437/86/158 2436/86/158 1417/86/158
f 1417/86/130 2436/86/130 2435/86/130 1415/86/130
f 1415/86/102 2435/86/102 2434/86/102 1413/86/102
f 1413/86/85 2434/86/85 2433/86/85 1411/86/85
f 1411/86/100 2433/86/100 2432/86/100 1409/86/100
f 1409/86/92 2432/86/92 2431/86/92 1407/86/92
f 1407/86/82 2431/86/82 2430/86/82 1405/86/82
f 1405/86/87 2430/86/87 2429/86/87 1403/86/87
f 1403/86/95 2429/86/95 2428/86/95 1402/86/95
f 1402/86/77 2428/86/77 2427/86/77 1401/86/77
f 1401/86/110 2427/86/110 2426/86/110 1400/86/110
f 1400/86/57 2426/86/57 2425/86/57 1398/86/57
f 1398/86/54 2425/86/54 2424/86/54 1396/86/54
f 1396/86/39 2424/86/39 2423/86/39 1394/86/39
f 1394/86/36 2423/86/36 2422/86/36 1392/86/36
f 1392/86/48 2422/86/48 2421/86/48 1391/86/48
f 1391/86/51 2421/86/51 2420/86/51 1390/86/51
f 1390/86/66 2420/86/66 2513/86/66 1389/86/66
f 1389/86/63 2513/86/63 2512/86/63 1387/86/63
f 1387/86/45 2512/86/45 2511/86/45 1386/86/45
f 1386/86/42 2511/86/42 2510/86/42 1384/86/42
f 1384/86/60 2510/86/60 2509/86/60 1382/86/60
f 1382/86/145 2509/86/145 2508/86/145 1381/86/145
f 1381/86/106 2508/86/106 2507/86/106 1379/86/106
f 1379/86/98 2507/86/98 2506/86/98 1378/86/98
f 1378/86/80 2506/86/80 2505/86/80 1376/86/80
f 1376/86/108 2505/86/108 2504/86/108 1374/86/108
f 1374/86/90 2504/86/90 2503/86/90 1372/86/90
f 1372/86/69 2503/86/69 2502/86/69 1370/86/69
f 1370/86/72 2502/86/72 2501/86/72 1368/86/72
f 1368/86/104 2501/86/104 2500/86/104 1366/86/104
f 1366/86/75 2500/86/75 2499/86/75 1364/86/75
f 1364/86/114 2499/86/114 2498/86/114 1362/86/114
f 1362/86/115 2498/86/115 2497/86/115 1360/86/115
f 1360/86/123 2497/86/123 2496/86/123 1358/86/123
f 1358/86/116 2496/86/116 2495/86/116 1356/86/116
f 1356/86/117 2495/86/117 2494/86/117 1354/86/117
f 1354/86/167 2494/86/167 2493/86/167 1352/86/167
f 1352/86/120 2493/86/120 2492/86/120 1350/86/120
f 1350/86/126 2492/86/126 2491/86/126 1348/86/126
f 1348/86/137 2491/86/137 2403/86/137 1346/86/137
f 1346/86/127 2403/86/127 2413/86/127 1344/86/127
f 1344/86/78 2413/86/78 2414/86/78 1342/86/78
f 1342/86/52 2414/86/52 2412/86/52 1340/86/52
f 1340/86/132 2412/86/132 2411/86/132 1338/86/132
f 1338/86/93 2411/86/93 2410/86/93 1336/86/93
f 1336/86/43 2410/86/43 2409/86/43 1334/86/43
f 1334/86/99 2409/86/99 2415/86/99 1332/86/99
f 1332/86/101 2415/86/101 2416/86/101 1330/86/101
f 1330/86/96 2416/86/96 2417/86/96 1328/86/96
f 1328/86/83 2417/86/83 2408/86/83 1326/86/83
f 1326/86/40 2408/86/40 2418/86/40 1324/86/40
f 1324/86/37 2418/86/37 2407/86/37 1322/86/37
f 1322/86/55 2407/86/55 2406/86/55 1320/86/55
f 1320/86/149 2406/86/149 2419/86/149 1318/86/149
f 1318/86/147 2419/86/147 2405/86/147 1316/86/147
f 1316/86/58 2405/86/58 2404/86/58 1314/86/58
f 1314/86/70 2404/86/70 2490/86/70 1312/86/70
f 1312/86/129 2490/86/129 2489/86/129 1310/86/129
f 1310/86/159 2489/86/159 2488/86/159 1308/86/159
f 1308/86/160 2488/86/160 2487/86/160 1306/86/160
f 1306/86/124 2487/86/124 2486/86/124 1304/86/124
f 1304/86/157 2486/86/157 2485/86/157 1302/86/157
f 1302/86/133 2485/86/133 2484/86/133 1300/86/133
f 1300/86/152 2484/86/152 2483/86/152 1298/86/152
f 1298/86/91 2483/86/91 2482/86/91 1296/86/91
f 1296/86/89 2482/86/89 2481/86/89 1294/86/89
f 1294/86/153 2481/86/153 2480/86/153 1292/86/153
f 1292/86/35 2480/86/35 2479/86/35 1290/86/35
f 1290/86/166 2479/86/166 2478/86/166 1288/86/166
f 1288/86/136 2478/86/136 2477/86/136 1286/86/136
f 1286/86/148 2477/86/148 2476/86/148 1284/86/148
f 1284/86/56 2476/86/56 2475/86/56 1283/86/56
f 1283/86/50 2475/86/50 2474/86/50 1281/86/50
f 1281/86/164 2474/86/164 2473/86/164 1279/86/164
f 1279/86/53 2473/86/53 2472/86/53 1278/86/53
f 1278/86/65 2472/86/65 2471/86/65 1277/86/65
f 1277/86/142 2471/86/142 2470/86/142 1276/86/142
f 1276/86/41 2470/86/41 2469/86/41 1274/86/41
f 1274/86/38 2469/86/38 2468/86/38 1272/86/38
f 1272/86/44 2468/86/44 2467/86/44 1271/86/44
f 1271/86/97 2467/86/97 2466/86/97 1270/86/97
f 1270/86/140 2466/86/140 2465/86/140 1269/86/140
f 1269/86/47 2465/86/47 2464/86/47 1268/86/47
f 1268/86/62 2464/86/62 2463/86/62 1267/86/62
f 1267/86/143 2463/86/143 2462/86/143 1266/86/143
f 1266/86/165 2462/86/165 2461/86/165 1264/86/165
f 1264/86/141 2461/86/141 2460/86/141 1263/86/141
f 1263/86/59 2460/86/59 2459/86/59 1262/86/59
f 1262/86/71 2459/86/71 2458/86/71 1260/86/71
f 1260/86/79 2458/86/79 2457/86/79 1258/86/79
f 1258/86/76 2457/86/76 2456/86/76 1256/86/76
f 1256/86/74 2456/86/74 2455/86/74 1254/86/74
f 1254/86/94 2455/86/94 2454/86/94 1252/86/94
f 1252/86/81 2454/86/81 2453/86/81 1250/86/81
f 1250/86/84 2453/86/84 2452/86/84 1248/86/84
f 1248/86/68 2452/86/68 2451/86/68 1246/86/68
f 1246/86/86 2451/86/86 2450/86/86 1244/86/86
f 1244/86/162 2450/86/162 2449/86/162 1242/86/162
f 1242/86/155 2449/86/155 2448/86/155 1240/86/155
f 1240/86/163 2448/86/163 2447/86/163 1238/86/163
f 1238/86/156 2447/86/156 2446/86/156 1236/86/156
f 1236/86/151 2446/86/151 2445/86/151 1234/86/151
f 1234/86/161 2445/86/161 2444/86/161 1232/86/161
f 1232/86/64 2444/86/64 2387/86/64 1230/86/64
f 1230/86/67 2387/86/67 2392/86/67 1228/86/67
f 1228/86/154 2392/86/154 2391/86/154 1226/86/154
f 1226/86/150 2391/86/150 2402/86/150 1224/86/150
f 1224/86/46 2402/86/46 2401/86/46 1222/86/46
f 1222/86/49 2401/86/49 2400/86/49 1220/86/49
f 1220/86/144 2400/86/144 2390/86/144 1218/86/144
f 1218/86/146 2390/86/146 2389/86/146 1216/86/146
f 1216/86/73 2389/86/73 2395/86/73 1214/86/73
f 1214/86/109 2395/86/109 2394/86/109 1447/86/109
f 1447/86/107 2394/86/107 2393/86/107 1445/86/107
f 1445/86/135 2393/86/135 2399/86/135 1443/86/135
f 1443/86/88 2399/86/88 2398/86/88 1441/86/88
f 1441/86/105 2398/86/105 2397/86/105 1439/86/105
f 1439/86/103 2397/86/103 2388/86/103 1437/86/103
f 1437/86/61 2388/86/61 2396/86/61 1435/86/61
f 1435/86/122 2396/86/122 2386/86/122 1433/86/122
f 1433/86/113 2386/86/113 2443/86/113 1431/86/113
f 1639/86/140 1637/86/140 2640/86/140 2641/86/140
f 1637/86/47 1635/86/47 2639/86/47 2640/86/47
f 1635/86/62 1633/86/62 2638/86/62 2639/86/62
f 1633/86/143 1631/86/143 2637/86/143 2638/86/143
f 1631/86/165 1629/86/165 2636/86/165 2637/86/165
f 1629/86/141 1627/86/141 2635/86/141 2636/86/141
f 1627/86/59 1625/86/59 2634/86/59 2635/86/59
f 1625/86/71 1623/86/71 2633/86/71 2634/86/71
f 1623/86/79 1621/86/79 2632/86/79 2633/86/79
f 1621/86/76 1619/86/76 2631/86/76 2632/86/76
f 1619/86/74 1617/86/74 2630/86/74 2631/86/74
f 1617/86/94 1615/86/94 2629/86/94 2630/86/94
f 1615/86/81 1613/86/81 2628/86/81 2629/86/81
f 1613/86/84 1611/86/84 2627/86/84 2628/86/84
f 1611/86/68 1609/86/68 2626/86/68 2627/86/68
f 1609/86/86 1607/86/86 2625/86/86 2626/86/86
f 1607/86/162 1605/86/162 2624/86/162 2625/86/162
f 1605/86/155 1603/86/155 2623/86/155 2624/86/155
f 1603/86/163 1601/86/163 2622/86/163 2623/86/163
f 1601/86/156 1599/86/156 2621/86/156 2622/86/156
f 1599/86/151 1597/86/151 2620/86/151 2621/86/151
f 1597/86/161 1595/86/161 2619/86/161 2620/86/161
f 1595/86/64 1593/86/64 2618/86/64 2619/86/64
f 1593/86/67 1591/86/67 2617/86/67 2618/86/67
f 1591/86/154 1589/86/154 2616/86/154 2617/86/154
f 1589/86/150 1587/86/150 2615/86/150 2616/86/150
f 1587/86/46 1585/86/46 2614/86/46 2615/86/46
f 1585/86/49 1583/86/49 2613/86/49 2614/86/49
f 1583/86/144 1581/86/144 2612/86/144 2613/86/144
f 1581/86/146 1579/86/146 2611/86/146 2612/86/146
f 1579/86/73 1577/86/73 2610/86/73 2611/86/73
f 1577/86/109 1575/86/109 2609/86/109 2610/86/109
f 1575/86/107 1573/86/107 2608/86/107 2609/86/107
f 1573/86/135 1571/86/135 2607/86/135 2608/86/135
f 1571/86/88 1569/86/88 2606/86/88 2607/86/88
f 1569/86/105 1567/86/105 2605/86/105 2606/86/105
f 1567/86/103 1565/86/103 2604/86/103 2605/86/103
f 1565/86/61 1563/86/61 2603/86/61 2604/86/61
f 1563/86/122 1561/86/122 2602/86/122 2603/86/122
f 1561/86/113 1559/86/113 2601/86/113 2602/86/113
f 1559/86/125 1557/86/125 2600/86/125 2601/86/125
f 1557/86/121 1555/86/121 2599/86/121 2600/86/121
f 1555/86/168 1553/86/168 2598/86/168 2599/86/168
f 1553/86/131 1551/86/131 2597/86/131 2598/86/131
f 1551/86/118 1549/86/118 2596/86/118 2597/86/118
f 1549/86/128 1547/86/128 2595/86/128 2596/86/128
f 1547/86/158 1545/86/158 2594/86/158 2595/86/158
f 1545/86/130 1543/86/130 2593/86/130 2594/86/130
f 1543/86/102 1541/86/102 2592/86/102 2593/86/102
f 1541/86/85 1539/86/85 2591/86/85 2592/86/85
f 1539/86/100 1537/86/100 2590/86/100 2591/86/100
f 1537/86/92 1535/86/92 2589/86/92 2590/86/92
f 1535/86/82 1533/86/82 2588/86/82 2589/86/82
f 1533/86/87 1531/86/87 2587/86/87 2588/86/87
f 1531/86/95 1529/86/95 2586/86/95 2587/86/95
f 1529/86/77 1527/86/77 2585/86/77 2586/86/77
f 1527/86/110 1525/86/110 2584/86/110 2585/86/110
f 1525/86/57 1523/86/57 2583/86/57 2584/86/57
f 1523/86/54 1521/86/54 2582/86/54 2583/86/54
f 1521/86/39 1519/86/39 2581/86/39 2582/86/39
f 1519/86/36 1517/86/36 2580/86/36 2581/86/36
f 1517/86/48 1515/86/48 2579/86/48 2580/86/48
f 1515/86/51 1513/86/51 2578/86/51 2579/86/51
f 1513/86/66 1511/86/66 2577/86/66 2578/86/66
f 1511/86/63 1509/86/63 2576/86/63 2577/86/63
f 1509/86/45 1507/86/45 2575/86/45 2576/86/45
f 1507/86/42 1505/86/42 2574/86/42 2575/86/42
f 1505/86/60 1503/86/60 2573/86/60 2574/86/60
f 1503/86/145 1501/86/145 2572/86/145 2573/86/145
f 1501/86/106 1499/86/106 2571/86/106 2572/86/106
f 1499/86/98 1497/86/98 2570/86/98 2571/86/98
f 1497/86/80 1495/86/80 2569/86/80 2570/86/80
f 1495/86/108 1493/86/108 2568/86/108 2569/86/108
f 1493/86/90 1491/86/90 2567/86/90 2568/86/90
f 1491/86/69 1489/86/69 2566/86/69 2567/86/69
f 1489/86/72 1487/86/72 2565/86/72 2566/86/72
f 1487/86/104 1485/86/104 2564/86/104 2565/86/104
f 1485/86/75 1483/86/75 2563/86/75 2564/86/75
f 1483/86/114 1481/86/114 2562/86/114 2563/86/114
f 1481/86/115 1479/86/115 2561/86/115 2562/86/115
f 1479/86/123 1477/86/123 2560/86/123 2561/86/123
f 1477/86/116 1475/86/116 2559/86/116 2560/86/116
f 1475/86/117 1473/86/117 2558/86/117 2559/86/117
f 1473/86/167 1471/86/167 2557/86/167 2558/86/167
f 1471/86/120 1469/86/120 2556/86/120 2557/86/120
f 1469/86/126 1467/86/126 2555/86/126 2556/86/126
f 1467/86/137 1465/86/137 2554/86/137 2555/86/137
f 1465/86/127 1463/86/127 2553/86/127 2554/86/127
f 1463/86/78 1461/86/78 2552/86/78 2553/86/78
f 1461/86/52 1459/86/52 2551/86/52 2552/86/52
f 1459/86/132 1457/86/132 2550/86/132 2551/86/132
f 1457/86/93 1455/86/93 2549/86/93 2550/86/93
f 1455/86/43 1453/86/43 2548/86/43 2549/86/43
f 1453/86/99 1451/86/99 2547/86/99 2548/86/99
f 1451/86/101 1449/86/101 2546/86/101 2547/86/101
f 1449/86/96 1703/86/96 2545/86/96 2546/86/96
f 1703/86/83 1701/86/83 2544/86/83 2545/86/83
f 1701/86/40 1699/86/40 2543/86/40 2544/86/40
f 1699/86/37 1697/86/37 2542/86/37 2543/86/37
f 1697/86/55 1695/86/55 2541/86/55 2542/86/55
f 1695/86/149 1693/86/149 2540/86/149 2541/86/149
f 1693/86/147 1691/86/147 2539/86/147 2540/86/147
f 1691/86/58 1689/86/58 2538/86/58 2539/86/58
f 1689/86/70 1687/86/70 2537/86/70 2538/86/70
f 1687/86/129 1685/86/129 2536/86/129 2537/86/129
f 1685/86/159 1683/86/159 2535/86/159 2536/86/159
f 1683/86/160 1681/86/160 2534/86/160 2535/86/160
f 1681/86/124 1679/86/124 2533/86/124 2534/86/124
f 1679/86/157 1677/86/157 2532/86/157 2533/86/157
f 1677/86/133 1675/86/133 2531/86/133 2532/86/133
f 1675/86/152 1673/86/152 2530/86/152 2531/86/152
f 1673/86/91 1671/86/91 2529/86/91 2530/86/91
f 1671/86/89 1669/86/89 2528/86/89 2529/86/89
f 1669/86/153 1667/86/153 2527/86/153 2528/86/153
f 1667/86/35 1665/86/35 2526/86/35 2527/86/35
f 1665/86/166 1663/86/166 2525/86/166 2526/86/166
f 1663/86/136 1661/86/136 2524/86/136 2525/86/136
f 1661/86/148 1659/86/148 2523/86/148 2524/86/148
f 1659/86/56 1657/86/56 2522/86/56 2523/86/56
f 1657/86/50 1655/86/50 2521/86/50 2522/86/50
f 1655/86/164 1653/86/164 2520/86/164 2521/86/164
f 1653/86/53 1651/86/53 2519/86/53 2520/86/53
f 1651/86/65 1649/86/65 2518/86/65 2519/86/65
f 1649/86/142 1647/86/142 2517/86/142 2518/86/142
f 1647/86/41 1645/86/41 2516/86/41 2517/86/41
f 1645/86/38 1643/86/38 2515/86/38 2516/86/38
f 1643/86/44 1641/86/44 2514/86/44 2515/86/44
f 1641/86/97 1639/86/97 2641/86/97 2514/86/97
f 2648/86/2 2652/86/2 2651/86/2 2649/86/2
f 3/86/2 2649/86/2 2651/86/2 11/86/2
f 11/86/2 2707/86/2 2757/86/2
f 1/86/484 2890/86/484 2850/86/484
f 2854/86/2 2693/86/2 3/86/2
f 2643/86/2 2642/86/2 3/86/2 1/86/2 2672/86/2 2647/86/2 2646/86/2 2645/86/2 2644/86/2
f 11/86/2 2799/86/2 2907/86/2
f 2836/86/2 2873/86/2 3/86/2
f 2693/86/2 2694/86/2 3/86/2
f 2853/86/484 2854/86/484 3/86/484
f 2790/86/2 2791/86/2 2665/86/2
f 13/86/2 2824/86/2 2825/86/2
f 2041/30/68 2042/222/68 2983/222/68 2982/30/68
f 2660/86/2 13/86/2 11/86/2 2650/86/2 2653/86/2 2654/86/2 2655/86/2 2656/86/2 2657/86/2 2658/86/2
f 2882/86/2 2883/86/2 13/86/2
f 13/86/2 2660/86/2 2736/86/2
f 2660/86/2 2659/86/2 2887/86/2
f 2735/86/2 2660/86/2 2879/86/2
f 2659/86/2 2661/86/2 2858/86/2
f 2661/86/2 2662/86/2 2759/86/2
f 2834/86/2 2660/86/2 2686/86/2
f 2662/86/2 2663/86/2 2876/86/2
f 2663/86/2 2664/86/2 2872/86/2
f 2685/86/2 2660/86/2 2892/86/2
f 2664/86/2 2665/86/2 2842/86/2
f 2665/86/2 2666/86/2 2790/86/2
f 2839/86/2 2660/86/2 2838/86/2
f 2666/86/2 2667/86/2 2762/86/2
f 2667/86/2 2668/86/2 2841/86/2
f 2821/86/2 2672/86/2 2820/86/2
f 2668/86/2 2669/86/2 2680/86/2
f 2669/86/2 2670/86/2 2921/86/2
f 2837/86/2 2672/86/2 1/86/2
f 2670/86/2 2671/86/2 2764/86/2
f 2671/86/2 2672/86/2 2881/86/2
f 2756/86/485 1/86/485 2755/86/485
f 1/86/2 2701/86/2 2728/86/2
f 1/86/2 2728/86/2 2691/86/2
f 1/86/484 2756/86/484 2837/86/484
f 2755/86/2 1/86/2 2773/86/2
f 2672/86/2 2821/86/2 2848/86/2
f 2672/86/2 2837/86/2 2820/86/2
f 2660/86/2 2685/86/2 2686/86/2
f 2660/86/2 2839/86/2 2892/86/2
f 2660/86/2 2735/86/2 2736/86/2
f 2660/86/2 2834/86/2 2879/86/2
f 2674/86/2 2882/86/2 13/86/2
f 2673/86/2 2674/86/2 13/86/2
f 1/86/2 2691/86/2 2692/86/2
f 1/86/2 2692/86/2 2696/86/2
f 2886/86/2 2673/86/2 13/86/2
f 2885/86/484 2886/86/484 13/86/484
f 1/86/484 2696/86/484 2697/86/484
f 1/86/485 2697/86/485 2789/86/485
f 2913/86/485 2885/86/485 13/86/485
f 2684/86/484 2913/86/484 13/86/484
f 1/86/2 2789/86/2 2681/86/2
f 1/86/2 2681/86/2 2682/86/2
f 2683/86/485 2684/86/485 13/86/485
f 2895/86/484 2683/86/484 13/86/484
f 1/86/2 2682/86/2 2828/86/2
f 1/86/2 2828/86/2 2748/86/2
f 2894/86/485 2895/86/485 13/86/485
f 2740/86/2 2894/86/2 13/86/2
f 1/86/485 2748/86/485 2689/86/485
f 1/86/2 2689/86/2 2690/86/2
f 2739/86/2 2740/86/2 13/86/2
f 2910/86/2 2739/86/2 13/86/2
f 1/86/2 2690/86/2 2809/86/2
f 1/86/485 2809/86/485 2719/86/485
f 2929/86/2 2910/86/2 13/86/2
f 2927/86/484 2929/86/484 13/86/484
f 1/86/2 2719/86/2 2720/86/2
f 1/86/2 2720/86/2 2840/86/2
f 2866/86/2 2927/86/2 13/86/2
f 2865/86/2 2866/86/2 13/86/2
f 1/86/2 2840/86/2 2772/86/2
f 1/86/2 2772/86/2 2773/86/2
f 2769/86/2 2865/86/2 13/86/2
f 2768/86/2 2769/86/2 13/86/2
f 2672/86/2 2848/86/2 2880/86/2
f 2832/86/2 2768/86/2 13/86/2
f 2831/86/2 2832/86/2 13/86/2
f 2672/86/2 2880/86/2 2698/86/2
f 2672/86/2 2698/86/2 2699/86/2
f 2736/86/485 2831/86/485 13/86/485
f 2672/86/2 2699/86/2 2888/86/2
f 2672/86/2 2888/86/2 2687/86/2
f 2838/86/2 2660/86/2 2807/86/2
f 2807/86/2 2660/86/2 2806/86/2
f 2672/86/2 2687/86/2 2688/86/2
f 2672/86/2 2688/86/2 2737/86/2
f 2806/86/2 2660/86/2 2787/86/2
f 2787/86/2 2660/86/2 2786/86/2
f 2672/86/2 2737/86/2 2738/86/2
f 2672/86/2 2738/86/2 2788/86/2
f 2786/86/2 2660/86/2 2761/86/2
f 2761/86/2 2660/86/2 2760/86/2
f 2672/86/2 2788/86/2 2775/86/2
f 2672/86/2 2775/86/2 2776/86/2
f 2760/86/2 2660/86/2 2745/86/2
f 2745/86/2 2660/86/2 2744/86/2
f 2672/86/2 2776/86/2 2849/86/2
f 2672/86/2 2849/86/2 2881/86/2
f 2744/86/2 2660/86/2 2887/86/2
f 2671/86/2 2881/86/2 2764/86/2
f 2887/86/2 2659/86/2 2859/86/2
f 2670/86/2 2764/86/2 2765/86/2
f 2859/86/2 2659/86/2 2858/86/2
f 2858/86/2 2661/86/2 2884/86/2
f 2670/86/2 2765/86/2 2921/86/2
f 2884/86/2 2661/86/2 2759/86/2
f 2669/86/2 2921/86/2 2679/86/2
f 2669/86/2 2679/86/2 2680/86/2
f 2759/86/2 2662/86/2 2758/86/2
f 2668/86/2 2680/86/2 2852/86/2
f 2758/86/2 2662/86/2 2876/86/2
f 2876/86/2 2663/86/2 2875/86/2
f 2668/86/2 2852/86/2 2841/86/2
f 2875/86/2 2663/86/2 2872/86/2
f 2667/86/2 2841/86/2 2781/86/2
f 2667/86/2 2781/86/2 2762/86/2
f 2872/86/2 2664/86/2 2843/86/2
f 2666/86/2 2762/86/2 2763/86/2
f 2843/86/2 2664/86/2 2842/86/2
f 2842/86/2 2665/86/2 2791/86/2
f 2666/86/2 2763/86/2 2790/86/2
f 2700/86/2 2701/86/2 1/86/2
f 1/86/2 13/86/2 2825/86/2
f 13/86/2 2883/86/2 2899/86/2
f 13/86/2 2899/86/2 2733/86/2
f 2778/86/2 2700/86/2 1/86/2
f 2777/86/484 2778/86/484 1/86/484
f 13/86/2 2733/86/2 2734/86/2
f 13/86/2 2734/86/2 2810/86/2
f 2742/86/484 2777/86/484 1/86/484
f 2741/86/485 2742/86/485 1/86/485
f 13/86/485 2810/86/485 2811/86/485
f 13/86/484 2811/86/484 2833/86/484
f 2870/86/2 2741/86/2 1/86/2
f 2869/86/2 2870/86/2 1/86/2
f 13/86/2 2833/86/2 2702/86/2
f 13/86/2 2702/86/2 2703/86/2
f 2868/86/2 2869/86/2 1/86/2
f 2752/86/2 2868/86/2 1/86/2
f 13/86/484 2703/86/484 2844/86/484
f 13/86/2 2844/86/2 2845/86/2
f 2751/86/2 2752/86/2 1/86/2
f 2812/86/2 2751/86/2 1/86/2
f 13/86/2 2845/86/2 2813/86/2
f 13/86/2 2813/86/2 2814/86/2
f 2795/86/484 2812/86/484 1/86/484
f 2794/86/2 2795/86/2 1/86/2
f 13/86/2 2814/86/2 2867/86/2
f 13/86/2 2867/86/2 2824/86/2
f 2825/86/485 2794/86/485 1/86/485
f 1991/150/63 1992/151/63 3036/151/63 3018/150/63
f 11/86/484 2920/86/484 2792/86/484
f 1998/157/57 1999/158/57 3013/158/57 2959/157/57
f 11/86/2 2798/86/2 2799/86/2
f 2873/86/2 2916/86/2 3/86/2
f 2916/86/485 2853/86/485 3/86/485
f 11/86/485 2793/86/485 2798/86/485
f 11/86/2 2792/86/2 2793/86/2
f 2835/86/2 2836/86/2 3/86/2
f 11/86/2 2907/86/2 2846/86/2
f 11/86/2 2846/86/2 2847/86/2
f 2857/86/2 2835/86/2 3/86/2
f 2871/86/484 2857/86/484 3/86/484
f 11/86/2 2847/86/2 2900/86/2
f 11/86/2 2900/86/2 2905/86/2
f 2889/86/485 2871/86/485 3/86/485
f 2721/86/2 2889/86/2 3/86/2
f 11/86/484 2905/86/484 2906/86/484
f 11/86/2 2906/86/2 2912/86/2
f 2718/86/484 2721/86/484 3/86/484
f 2717/86/485 2718/86/485 3/86/485
f 11/86/2 2912/86/2 2784/86/2
f 11/86/2 2784/86/2 2785/86/2
f 2747/86/2 2717/86/2 3/86/2
f 2676/86/484 2747/86/484 3/86/484
f 11/86/2 2785/86/2 2782/86/2
f 11/86/485 2782/86/485 2783/86/485
f 2675/86/2 2676/86/2 3/86/2
f 2746/86/2 2675/86/2 3/86/2
f 11/86/484 2783/86/484 2724/86/484
f 11/86/485 2724/86/485 2725/86/485
f 2730/86/485 2746/86/485 3/86/485
f 2729/86/484 2730/86/484 3/86/484
f 11/86/2 2725/86/2 2891/86/2
f 11/86/2 2891/86/2 2922/86/2
f 2862/86/2 2729/86/2 3/86/2
f 2918/86/2 2862/86/2 3/86/2
f 11/86/2 2922/86/2 2818/86/2
f 11/86/2 2818/86/2 2819/86/2
f 2727/86/2 2918/86/2 3/86/2
f 2726/86/2 2727/86/2 3/86/2
f 11/86/2 2819/86/2 2908/86/2
f 11/86/2 2908/86/2 2925/86/2
f 2830/86/2 2726/86/2 3/86/2
f 2878/86/485 2830/86/485 3/86/485
f 11/86/2 2925/86/2 2926/86/2
f 11/86/2 2926/86/2 2923/86/2
f 2928/86/484 2878/86/484 3/86/484
f 2930/86/484 2928/86/484 3/86/484
f 11/86/2 2923/86/2 2901/86/2
f 11/86/2 2901/86/2 2766/86/2
f 2856/86/485 2930/86/485 3/86/485
f 2855/86/485 2856/86/485 3/86/485
f 11/86/2 2766/86/2 2767/86/2
f 11/86/2 2767/86/2 2904/86/2
f 2911/86/484 2855/86/484 3/86/484
f 2750/86/485 2911/86/485 3/86/485
f 11/86/485 2904/86/485 2893/86/485
f 11/86/2 2893/86/2 2710/86/2
f 2749/86/2 2750/86/2 3/86/2
f 2771/86/2 2749/86/2 3/86/2
f 11/86/485 2710/86/485 2711/86/485
f 11/86/484 2711/86/484 2708/86/484
f 2770/86/2 2771/86/2 3/86/2
f 2808/86/2 2770/86/2 3/86/2
f 11/86/2 2708/86/2 2709/86/2
f 11/86/2 2709/86/2 2743/86/2
f 2723/86/2 2808/86/2 3/86/2
f 2722/86/486 2723/86/486 3/86/486
f 11/86/487 2743/86/487 2706/86/487
f 11/86/488 2706/86/488 2707/86/488
f 2722/86/489 3/86/489 2757/86/489
f 3/86/2 11/86/2 2757/86/2
f 2915/86/487 2920/86/487 11/86/487
f 11/86/2 13/86/2 2915/86/2
f 13/86/2 1/86/2 2850/86/2
f 2826/86/485 13/86/485 2829/86/485
f 1/86/2 3/86/2 2694/86/2
f 1/86/485 2694/86/485 2695/86/485
f 2903/86/2 2915/86/2 13/86/2
f 2817/86/2 2903/86/2 13/86/2
f 1/86/484 2695/86/484 2917/86/484
f 1/86/2 2917/86/2 2731/86/2
f 2716/86/484 2817/86/484 13/86/484
f 2715/86/485 2716/86/485 13/86/485
f 1/86/2 2731/86/2 2732/86/2
f 1/86/2 2732/86/2 2796/86/2
f 2797/86/484 2715/86/484 13/86/484
f 2714/86/2 2797/86/2 13/86/2
f 1/86/2 2796/86/2 2898/86/2
f 1/86/484 2898/86/484 2863/86/484
f 2713/86/2 2714/86/2 13/86/2
f 2919/86/2 2713/86/2 13/86/2
f 1/86/485 2863/86/485 2864/86/485
f 1/86/2 2864/86/2 2877/86/2
f 2823/86/2 2919/86/2 13/86/2
f 2822/86/2 2823/86/2 13/86/2
f 1/86/2 2877/86/2 2704/86/2
f 1/86/2 2704/86/2 2705/86/2
f 2827/86/2 2822/86/2 13/86/2
f 2826/86/2 2827/86/2 13/86/2
f 1/86/2 2705/86/2 2712/86/2
f 1/86/2 2712/86/2 2902/86/2
f 2829/86/2 13/86/2 2924/86/2
f 2924/86/2 13/86/2 2754/86/2
f 1/86/2 2902/86/2 2800/86/2
f 1/86/2 2800/86/2 2801/86/2
f 2754/86/2 13/86/2 2753/86/2
f 2753/86/2 13/86/2 2909/86/2
f 1/86/485 2801/86/485 2815/86/485
f 1/86/2 2815/86/2 2816/86/2
f 2909/86/485 13/86/485 2803/86/485
f 2803/86/2 13/86/2 2802/86/2
f 1/86/2 2816/86/2 2779/86/2
f 1/86/2 2779/86/2 2780/86/2
f 2802/86/484 13/86/484 2874/86/484
f 2874/86/485 13/86/485 2805/86/485
f 1/86/2 2780/86/2 2774/86/2
f 1/86/2 2774/86/2 2677/86/2
f 2805/86/2 13/86/2 2804/86/2
f 2804/86/2 13/86/2 2897/86/2
f 1/86/2 2677/86/2 2678/86/2
f 1/86/2 2678/86/2 2860/86/2
f 2897/86/484 13/86/484 2896/86/484
f 2896/86/485 13/86/485 2914/86/485
f 1/86/2 2860/86/2 2861/86/2
f 1/86/2 2861/86/2 2890/86/2
f 2914/86/2 13/86/2 2851/86/2
f 2851/86/2 13/86/2 2850/86/2
f 2960/156/2 3035/156/2 2958/85/2
f 2960/155/2 3016/155/2 3035/156/2
f 2960/154/2 2962/154/2 3016/155/2
f 2960/153/2 2961/153/2 2962/154/2
f 2960/151/2 3036/151/2 2961/153/2
f 2960/150/2 3018/150/2 3036/151/2
f 2960/149/2 2966/149/2 3018/150/2
f 2960/4/2 2965/4/2 2966/149/2
f 3020/148/2 3037/148/2 2965/4/2 2960/589/2 3019/590/2
f 3020/146/2 3021/146/2 3037/148/2
f 3020/144/2 2969/144/2 3021/146/2
f 2969/144/2 3020/3/2 2968/3/2
f 2968/3/2 3020/142/2 3038/142/2
f 3020/140/2 3022/140/2 3038/142/2
f 3020/138/2 2971/138/2 3022/140/2
f 3020/11/2 2970/11/2 2971/138/2
f 3020/136/2 3039/136/2 2970/11/2
f 3020/134/2 3023/134/2 3039/136/2
f 3020/132/2 2973/132/2 3023/134/2
f 2973/132/2 3020/19/2 2972/19/2
f 3044/130/2 3040/130/2 2972/19/2 3020/591/2
f 3044/128/2 3024/128/2 3040/130/2
f 3044/126/2 2975/126/2 3024/128/2
f 3044/79/2 2974/79/2 2975/126/2
f 3044/124/2 3041/124/2 2974/79/2
f 3044/122/2 3025/122/2 3041/124/2
f 3044/120/2 2977/120/2 3025/122/2
f 3044/76/2 2976/76/2 2977/120/2
f 3044/118/2 3042/118/2 2976/76/2
f 3044/116/2 3026/116/2 3042/118/2
f 3044/114/2 2979/114/2 3026/116/2
f 3044/77/2 2978/77/2 2979/114/2
f 3044/112/2 3043/112/2 2978/77/2
f 3044/110/2 2997/110/2 3043/112/2
f 3044/108/2 2932/108/2 2997/110/2
f 2931/14/2 2932/108/2 3044/14/2
f 2939/286/2 2931/14/2 3044/286/2
f 3030/284/2 2939/286/2 3044/284/2
f 3030/284/2 3044/282/2 3002/282/2
f 3002/282/2 3044/13/2 2943/13/2
f 2943/13/2 3044/280/2 2942/280/2
f 2942/280/2 3044/278/2 3031/278/2
f 3031/278/2 3044/276/2 3004/276/2
f 3004/276/2 3044/21/2 2947/21/2
f 2947/21/2 3044/274/2 2946/274/2
f 2946/274/2 3044/272/2 3032/272/2
f 3032/272/2 3044/270/2 3006/270/2
f 3006/270/2 3044/27/2 2951/27/2
f 2951/27/2 3044/268/2 2950/268/2
f 2950/268/2 3044/266/2 3033/266/2
f 3033/266/2 3044/264/2 3008/264/2
f 3008/264/2 3044/55/2 2955/55/2
f 2955/55/2 3044/262/2 2954/262/2
f 2954/262/2 3044/260/2 3034/260/2
f 3034/260/2 3044/258/2 3011/258/2
f 3011/258/2 3044/53/2 3010/53/2
f 3044/592/2 3012/288/2 3010/53/2
f 2980/22/2 2981/289/2 2964/22/2
f 2964/226/2 2996/226/2 2980/22/2
f 2964/224/2 3027/224/2 2996/226/2
f 2964/222/2 2983/222/2 3027/224/2
f 2964/30/2 2982/30/2 2983/222/2
f 2964/220/2 2995/220/2 2982/30/2
f 2964/218/2 3028/218/2 2995/220/2
f 2964/216/2 2985/216/2 3028/218/2
f 2964/44/2 2984/44/2 2985/216/2
f 2964/214/2 2993/214/2 2984/44/2
f 2964/212/2 3029/212/2 2993/214/2
f 2964/210/2 2987/210/2 3029/212/2
f 2964/42/2 2986/42/2 2987/210/2
f 2964/208/2 2992/208/2 2986/42/2
f 2964/206/2 2998/206/2 2992/208/2
f 2964/204/2 2934/204/2 2998/206/2
f 2964/39/2 2933/39/2 2934/204/2
f 2964/202/2 2991/202/2 2933/39/2
f 2964/200/2 2999/200/2 2991/202/2
f 2936/198/2 2999/200/2 2964/198/2
f 2935/2/2 2936/198/2 2964/2/2
f 2990/196/2 2935/2/2 2964/196/2
f 2964/194/2 3000/194/2 2990/196/2
f 2964/192/2 2938/192/2 3000/194/2
f 2964/1/2 2937/1/2 2938/192/2
f 2964/190/2 2989/190/2 2937/1/2
f 2964/188/2 3001/188/2 2989/190/2
f 2964/186/2 2941/186/2 3001/188/2
f 2964/17/2 2940/17/2 2941/186/2
f 2964/184/2 2967/184/2 2940/17/2
f 2964/182/2 3003/182/2 2967/184/2
f 2964/180/2 2945/180/2 3003/182/2
f 2945/180/2 2964/16/2 2944/16/2
f 2964/178/2 2963/178/2 2944/16/2
f 2964/176/2 3005/176/2 2963/178/2
f 2964/174/2 2949/174/2 3005/176/2
f 2988/25/2 2948/25/2 2949/174/2 2964/593/2
f 3017/172/2 2948/25/2 2988/172/2
f 2988/170/2 3007/170/2 3017/172/2
f 2988/168/2 2953/168/2 3007/170/2
f 2988/32/2 2952/32/2 2953/168/2
f 2988/166/2 3015/166/2 2952/32/2
f 2988/164/2 3009/164/2 3015/166/2
f 2988/162/2 2957/162/2 3009/164/2
f 2956/84/2 2957/162/2 2988/84/2
f 3014/160/2 2956/84/2 2988/160/2
f 2988/158/2 3013/158/2 3014/160/2
f 2988/157/2 2959/157/2 3013/158/2
f 2960/85/2 2958/85/2 2959/157/2 2988/594/2 2994/595/2
f 2994/86/1 3019/86/1 2960/86/1
f 1995/155/36 1996/156/36 3035/156/36 3016/155/36
f 1969/76/137 1970/120/137 2977/120/137 2976/76/137
f 1965/77/132 1966/114/132 2979/114/132 2978/77/132
f 2052/266/157 2053/268/157 2950/268/157 3033/266/157
f 2045/22/74 2650/289/74 2981/289/74 2980/22/74
f 2652/86/317 2648/86/317 3019/86/317 2994/86/317
f 3012/288/490 3044/86/490 3/86/490 2642/288/490
f 2650/86/491 11/86/491 2964/86/491 2981/289/491
